strategy_date,training_date,audit_status,audit_scope,audit_result,lesson_type,lesson_note,rank,code,name,push_level,fast_level,fast_score,market_price_date,market_lag_days,market_source,observed_days,latest_return_pct,tail_next_open_pct,tail_next_close_pct,tail_next_max_gain_pct,return_1d_pct,return_3d_pct,return_5d_pct,max_gain_5d_pct,capture_type,snapshot_time,reasons,risks,strategy_version
2026-05-06,2026-04-29,等待结算,快策略候选,等待下个交易日,pending,已记录本次策略，等下个交易日行情更新后自动结算。,6,000066,中国长城,强推观察,下个交易日主盯,106.0,2026-04-30,6.0,common_index_cache,0,,,,,,,,,intraday_1430,2026-05-06 14:49:28,人气Top10；当日涨停附近；收在日内高位；温和放量；近5日趋势升温；站上20日线且不过热；持续霸榜,热度可能进入后段,v1
2026-05-06,2026-04-29,等待结算,快策略候选,等待下个交易日,pending,已记录本次策略，等下个交易日行情更新后自动结算。,19,002181,粤传媒,强推观察,下个交易日主盯,94.85,2026-04-30,6.0,common_index_cache,0,,,,,,,,,intraday_1430,2026-05-06 14:49:28,人气Top20；当日涨停附近；收在日内高位；温和放量；近5日强势延续；站上20日线且不过热；连续上榜确认；人气排名明显上升,短线涨幅偏高,v1
2026-05-06,2026-04-29,等待结算,快策略候选,等待下个交易日,pending,已记录本次策略，等下个交易日行情更新后自动结算。,5,002081,金螳螂,强推观察,下个交易日主盯,93.5,2026-04-30,6.0,common_index_cache,0,,,,,,,,,intraday_1430,2026-05-06 14:49:28,人气Top10；当日涨停附近；收在日内高位；温和放量；近5日趋势升温；持续霸榜,偏离20日线较大；热度可能进入后段,v1
2026-05-06,2026-04-29,等待结算,快策略候选,等待下个交易日,pending,已记录本次策略，等下个交易日行情更新后自动结算。,7,603629,利通电子,重点观察,下个交易日主盯,89.0,2026-04-30,6.0,common_index_cache,0,,,,,,,,,intraday_1430,2026-05-06 14:49:28,人气Top10；当日涨停附近；收在日内高位；温和放量；近5日趋势升温；持续霸榜,远离20日线过多；热度可能进入后段,v1
2026-05-06,2026-04-29,等待结算,快策略候选,等待下个交易日,pending,已记录本次策略，等下个交易日行情更新后自动结算。,2,688256,寒武纪,重点观察,下个交易日主盯,88.15,2026-04-30,6.0,common_index_cache,0,,,,,,,,,intraday_1430,2026-05-06 14:49:28,人气Top3；当日涨停附近；收在日内高位；放量仍可控；近5日强势延续；连续上榜确认,短线涨幅偏高；偏离20日线较大,v1
2026-05-06,2026-04-29,等待结算,快策略候选,等待下个交易日,pending,已记录本次策略，等下个交易日行情更新后自动结算。,41,000815,美利云,重点观察,优先观察,82.8,2026-04-30,6.0,common_index_cache,0,,,,,,,,,intraday_1430,2026-05-06 14:49:28,人气Top50；当日涨停附近；收在日内高位；温和放量；近5日趋势升温；站上20日线且不过热；人气排名明显上升,-,v1
2026-05-06,2026-04-29,等待结算,快策略候选,等待下个交易日,pending,已记录本次策略，等下个交易日行情更新后自动结算。,20,002149,西部材料,重点观察,优先观察,81.0,2026-04-30,6.0,common_index_cache,0,,,,,,,,,intraday_1430,2026-05-06 14:49:28,人气Top20；当日涨停附近；收在日内高位；温和放量；站上20日线且不过热；连续上榜确认,近5日趋势未确认,v1
2026-05-06,2026-04-29,等待结算,快策略候选,等待下个交易日,pending,已记录本次策略，等下个交易日行情更新后自动结算。,37,002342,巨力索具,重点观察,优先观察,77.0,2026-04-30,6.0,common_index_cache,0,,,,,,,,,intraday_1430,2026-05-06 14:49:28,人气Top50；当日涨停附近；收在日内高位；温和放量；近5日趋势升温；站上20日线且不过热；持续霸榜,热度可能进入后段；人气排名明显回落,v1
2026-05-06,2026-04-29,等待结算,快策略候选,等待下个交易日,pending,已记录本次策略，等下个交易日行情更新后自动结算。,10,688041,海光信息,普通观察,备选观察,65.5,2026-04-30,6.0,common_index_cache,0,,,,,,,,,intraday_1430,2026-05-06 14:49:28,人气Top10；当日上涨；温和放量；近5日趋势升温；站上20日线且不过热；人气排名明显上升,-,v1
2026-04-30,2026-04-23,待补行情,快策略候选,待补行情,pending_data,信号日后应已有行情，但本地日K还没补齐；补齐后会自动重新审查。,17,002466,天齐锂业,重点观察,下个交易日主盯,101.0,2026-04-30,0.0,common_index_cache,0,,,,,,,,,post_close,2026-04-30 15:00:00,人气Top20；当日上涨；收盘承接较强；温和放量；近5日趋势升温；站上20日线且不过热；连续上榜确认；人气排名明显上升,-,v1
2026-04-30,2026-04-23,待补行情,快策略候选,待补行情,pending_data,信号日后应已有行情，但本地日K还没补齐；补齐后会自动重新审查。,2,002081,金螳螂,强推观察,下个交易日主盯,96.2,2026-04-30,0.0,common_index_cache,0,,,,,,,,,post_close,2026-04-30 15:00:00,人气Top3；当日涨停附近；收在日内高位；温和放量；近5日趋势升温；持续霸榜,偏离20日线较大；热度可能进入后段,v1
2026-04-30,2026-04-23,待补行情,快策略候选,待补行情,pending_data,信号日后应已有行情，但本地日K还没补齐；补齐后会自动重新审查。,18,002281,光迅科技,重点观察,下个交易日主盯,93.0,2026-04-30,0.0,common_index_cache,0,,,,,,,,,post_close,2026-04-30 15:00:00,人气Top20；当日强涨；收盘承接较强；温和放量；近5日趋势升温；站上20日线且不过热；人气排名明显上升,-,v1
2026-04-30,2026-04-23,待补行情,快策略候选,待补行情,pending_data,信号日后应已有行情，但本地日K还没补齐；补齐后会自动重新审查。,30,002240,盛新锂能,重点观察,下个交易日主盯,90.75,2026-04-30,0.0,common_index_cache,0,,,,,,,,,post_close,2026-04-30 15:00:00,人气Top50；当日涨停附近；收在日内高位；温和放量；近5日强势延续；连续上榜确认；人气排名明显上升,短线涨幅偏高；偏离20日线较大,v1
2026-04-30,2026-04-23,待补行情,快策略候选,待补行情,pending_data,信号日后应已有行情，但本地日K还没补齐；补齐后会自动重新审查。,41,600379,宝光股份,重点观察,下个交易日主盯,90.75,2026-04-30,0.0,common_index_cache,0,,,,,,,,,post_close,2026-04-30 15:00:00,人气Top50；当日涨停附近；收在日内高位；温和放量；近5日强势延续；连续上榜确认；人气排名明显上升,短线涨幅偏高；偏离20日线较大,v1
2026-04-30,2026-04-23,待补行情,快策略候选,待补行情,pending_data,信号日后应已有行情，但本地日K还没补齐；补齐后会自动重新审查。,7,000066,中国长城,强推观察,下个交易日主盯,90.0,2026-04-30,0.0,common_index_cache,0,,,,,,,,,post_close,2026-04-30 15:00:00,人气Top10；当日涨停附近；收在日内高位；温和放量；近5日趋势升温；站上20日线且不过热；持续霸榜；人气排名明显上升,热度可能进入后段,v1
2026-04-30,2026-04-23,待补行情,快策略候选,待补行情,pending_data,信号日后应已有行情，但本地日K还没补齐；补齐后会自动重新审查。,19,002842,翔鹭钨业,重点观察,下个交易日主盯,88.6,2026-04-30,0.0,common_index_cache,0,,,,,,,,,post_close,2026-04-30 15:00:00,人气Top20；当日涨停附近；收在日内高位；放量仍可控；近5日趋势升温；站上20日线且不过热；首次上榜即强势,-,v1
2026-04-30,2026-04-23,待补行情,快策略候选,待补行情,pending_data,信号日后应已有行情，但本地日K还没补齐；补齐后会自动重新审查。,34,002181,粤传媒,重点观察,下个交易日主盯,85.45,2026-04-30,0.0,common_index_cache,0,,,,,,,,,post_close,2026-04-30 15:00:00,人气Top50；当日涨停附近；收在日内高位；温和放量；近5日强势延续；站上20日线且不过热；连续上榜确认,短线涨幅偏高,v1
2026-04-30,2026-04-23,待补行情,快策略候选,待补行情,pending_data,信号日后应已有行情，但本地日K还没补齐；补齐后会自动重新审查。,3,603629,利通电子,重点观察,优先观察,83.7,2026-04-30,0.0,common_index_cache,0,,,,,,,,,post_close,2026-04-30 15:00:00,人气Top3；当日涨停附近；收在日内高位；温和放量；近5日趋势升温；持续霸榜,远离20日线过多；热度可能进入后段,v1
2026-04-30,2026-04-23,待补行情,快策略候选,待补行情,pending_data,信号日后应已有行情，但本地日K还没补齐；补齐后会自动重新审查。,28,002192,融捷股份,重点观察,优先观察,82.75,2026-04-30,0.0,common_index_cache,0,,,,,,,,,post_close,2026-04-30 15:00:00,人气Top50；当日涨停附近；收在日内高位；温和放量；近5日强势延续；连续上榜确认；人气排名明显上升,短线涨幅偏高；偏离20日线较大,v1
2026-04-30,2026-04-23,待补行情,快策略候选,待补行情,pending_data,信号日后应已有行情，但本地日K还没补齐；补齐后会自动重新审查。,27,600330,天通股份,普通观察,优先观察,82.4,2026-04-30,0.0,common_index_cache,0,,,,,,,,,post_close,2026-04-30 15:00:00,人气Top50；当日强涨；收盘承接较强；温和放量；近5日趋势升温；站上20日线且不过热；人气排名明显上升,-,v1
2026-04-30,2026-04-23,待补行情,快策略候选,待补行情,pending_data,信号日后应已有行情，但本地日K还没补齐；补齐后会自动重新审查。,4,002202,金风科技,重点观察,优先观察,79.2,2026-04-30,0.0,common_index_cache,0,,,,,,,,,post_close,2026-04-30 15:00:00,人气Top10；当日强涨；放量仍可控；近5日趋势升温；站上20日线且不过热；持续霸榜；人气排名明显上升,热度可能进入后段,v1
2026-04-30,2026-04-23,待补行情,快策略候选,待补行情,pending_data,信号日后应已有行情，但本地日K还没补齐；补齐后会自动重新审查。,21,600111,北方稀土,不推送,优先观察,78.3,2026-04-30,0.0,common_index_cache,0,,,,,,,,,post_close,2026-04-30 15:00:00,人气Top50；当日上涨；收盘承接较强；近5日趋势升温；站上20日线且不过热；连续上榜确认,-,v1
2026-04-30,2026-04-23,待补行情,快策略候选,待补行情,pending_data,信号日后应已有行情，但本地日K还没补齐；补齐后会自动重新审查。,1,688256,寒武纪,重点观察,优先观察,75.25,2026-04-30,0.0,common_index_cache,0,,,,,,,,,post_close,2026-04-30 15:00:00,人气Top3；当日涨停附近；收在日内高位；放量仍可控；近5日强势延续；首次上榜即强势,短线涨幅偏高；偏离20日线较大,v1
2026-04-30,2026-04-23,待补行情,快策略候选,待补行情,pending_data,信号日后应已有行情，但本地日K还没补齐；补齐后会自动重新审查。,13,002149,西部材料,普通观察,备选观察,74.4,2026-04-30,0.0,common_index_cache,0,,,,,,,,,post_close,2026-04-30 15:00:00,人气Top20；当日涨停附近；收在日内高位；温和放量；站上20日线且不过热,近5日趋势未确认,v1
2026-04-30,2026-04-23,待补行情,快策略候选,待补行情,pending_data,信号日后应已有行情，但本地日K还没补齐；补齐后会自动重新审查。,50,300136,信维通信,普通观察,备选观察,71.7,2026-04-30,0.0,common_index_cache,0,,,,,,,,,post_close,2026-04-30 15:00:00,人气Top50；当日上涨；收在日内高位；温和放量；近5日趋势升温；站上20日线且不过热,-,v1
2026-04-30,2026-04-23,待补行情,快策略候选,待补行情,pending_data,信号日后应已有行情，但本地日K还没补齐；补齐后会自动重新审查。,12,002709,天赐材料,普通观察,备选观察,70.8,2026-04-30,0.0,common_index_cache,0,,,,,,,,,post_close,2026-04-30 15:00:00,人气Top20；收盘承接较强；温和放量；近5日趋势升温；站上20日线且不过热；持续霸榜,热度可能进入后段,v1
2026-04-30,2026-04-23,待补行情,快策略候选,待补行情,pending_data,信号日后应已有行情，但本地日K还没补齐；补齐后会自动重新审查。,37,000062,深圳华强,不推送,备选观察,68.1,2026-04-30,0.0,common_index_cache,0,,,,,,,,,post_close,2026-04-30 15:00:00,人气Top50；当日上涨；温和放量；近5日趋势升温；站上20日线且不过热；持续霸榜；人气排名明显上升,热度可能进入后段,v1
2026-04-30,2026-04-23,待补行情,快策略候选,待补行情,pending_data,信号日后应已有行情，但本地日K还没补齐；补齐后会自动重新审查。,11,002342,巨力索具,不推送,备选观察,66.3,2026-04-30,0.0,common_index_cache,0,,,,,,,,,post_close,2026-04-30 15:00:00,人气Top20；当日上涨；温和放量；站上20日线且不过热；持续霸榜；人气排名明显上升,热度可能进入后段,v1
2026-04-30,2026-04-23,待补行情,快策略候选,待补行情,pending_data,信号日后应已有行情，但本地日K还没补齐；补齐后会自动重新审查。,45,002050,三花智控,不推送,备选观察,66.3,2026-04-30,0.0,common_index_cache,0,,,,,,,,,post_close,2026-04-30 15:00:00,人气Top50；当日上涨；收盘承接较强；放量仍可控；站上20日线且不过热；连续上榜确认；人气排名明显上升,-,v1
2026-04-29,2026-04-22,次日已审,快策略候选,优先走弱,priority_failed,下个交易日主盯 未兑现，复盘风险项：-,48,000973,佛塑科技,重点观察,下个交易日主盯,98.8,2026-04-29,0.0,common_index_cache,1,-1.41,3.8,-1.41,4.51,-1.41,,,,post_close,2026-04-29 15:00:00,人气Top50；当日涨停附近；收在日内高位；温和放量；近5日趋势升温；站上20日线且不过热；人气排名明显上升,-,v1
2026-04-29,2026-04-22,次日已审,快策略候选,优先走弱,priority_failed,下个交易日主盯 未兑现，复盘风险项：-,37,600884,杉杉股份,重点观察,下个交易日主盯,96.1,2026-04-29,0.0,common_index_cache,1,-1.48,1.66,-1.48,3.73,-1.48,,,,post_close,2026-04-29 15:00:00,人气Top50；当日强涨；收在日内高位；温和放量；近5日趋势升温；站上20日线且不过热；人气排名明显上升,-,v1
2026-04-29,2026-04-22,次日已审,快策略候选,优先走弱,priority_failed,下个交易日主盯 未兑现，复盘风险项：短线涨幅偏高；偏离20日线较大,4,002176,江特电机,强推观察,下个交易日主盯,89.95,2026-04-29,0.0,common_index_cache,1,-0.25,1.12,-0.25,5.47,-0.25,,,,post_close,2026-04-29 15:00:00,人气Top10；当日涨停附近；收在日内高位；温和放量；近5日强势延续；连续上榜确认；人气排名明显上升,短线涨幅偏高；偏离20日线较大,v1
2026-04-29,2026-04-22,次日已审,快策略候选,优先走弱,priority_failed,下个交易日主盯 未兑现，复盘风险项：-,44,301308,江波龙,重点观察,下个交易日主盯,89.9,2026-04-29,0.0,common_index_cache,1,-3.18,-1.04,-3.18,-0.07,-3.18,,,,post_close,2026-04-29 15:00:00,人气Top50；当日强涨；收在日内高位；温和放量；近5日趋势升温；站上20日线且不过热；连续上榜确认,-,v1
2026-04-29,2026-04-22,次日已审,快策略候选,暂未强势,neutral,继续等待更多交易日或降低权重。,36,603399,永杉锂业,重点观察,下个交易日主盯,106.75,2026-04-29,0.0,common_index_cache,1,9.98,9.98,9.98,9.98,9.98,,,,post_close,2026-04-29 15:00:00,人气Top50；当日涨停附近；收在日内高位；温和放量；近5日强势延续；连续上榜确认；人气排名明显上升,短线涨幅偏高；偏离20日线较大,v1
2026-04-29,2026-04-22,次日已审,快策略候选,暂未强势,neutral,继续等待更多交易日或降低权重。,5,002709,天赐材料,强推观察,下个交易日主盯,93.1,2026-04-29,0.0,common_index_cache,1,2.01,0.46,2.01,2.83,2.01,,,,post_close,2026-04-29 15:00:00,人气Top10；当日强涨；收在日内高位；温和放量；近5日趋势升温；站上20日线且不过热；连续上榜确认,-,v1
2026-04-29,2026-04-22,次日已审,快策略候选,暂未强势,neutral,继续等待更多交易日或降低权重。,6,600111,北方稀土,强推观察,下个交易日主盯,85.5,2026-04-29,0.0,common_index_cache,1,4.1,1.83,4.1,4.71,4.1,,,,post_close,2026-04-29 15:00:00,人气Top10；当日涨停附近；收在日内高位；放量仍可控；站上20日线且不过热；连续上榜确认；人气排名明显上升,-,v1
2026-04-29,2026-04-22,次日已审,快策略候选,优先走弱,priority_failed,优先观察 未兑现，复盘风险项：短线涨幅偏高；偏离20日线较大,30,300390,天华新能,普通观察,优先观察,76.15,2026-04-29,0.0,common_index_cache,1,0.0,-1.07,0.0,1.83,0.0,,,,post_close,2026-04-29 15:00:00,人气Top50；当日涨停附近；收在日内高位；温和放量；近5日强势延续；人气排名明显上升,短线涨幅偏高；偏离20日线较大,v1
2026-04-29,2026-04-22,次日已审,快策略候选,优先走弱,priority_failed,优先观察 未兑现，复盘风险项：短线涨幅偏高；偏离20日线较大；热度可能进入后段,21,603538,美诺华,普通观察,优先观察,75.25,2026-04-29,0.0,common_index_cache,1,-4.35,-3.54,-4.35,-2.83,-4.35,,,,post_close,2026-04-29 15:00:00,人气Top50；当日强涨；收在日内高位；温和放量；近5日强势延续；持续霸榜；人气排名明显上升,短线涨幅偏高；偏离20日线较大；热度可能进入后段,v1
2026-04-29,2026-04-22,次日已审,快策略候选,暂未强势,neutral,继续等待更多交易日或降低权重。,52,002192,融捷股份,重点观察,优先观察,83.2,2026-04-29,0.0,common_index_cache,1,10.0,4.59,10.0,10.0,10.0,,,,post_close,2026-04-29 15:00:00,当日涨停附近；收在日内高位；温和放量；近5日趋势升温；站上20日线且不过热；人气排名明显上升,-,v1
2026-04-29,2026-04-22,次日已审,快策略候选,暂未强势,neutral,继续等待更多交易日或降低权重。,8,002081,金螳螂,强推观察,优先观察,81.5,2026-04-29,0.0,common_index_cache,1,10.07,-3.54,10.07,10.07,10.07,,,,post_close,2026-04-29 15:00:00,人气Top10；当日涨停附近；收在日内高位；温和放量；近5日趋势升温；持续霸榜,偏离20日线较大；热度可能进入后段,v1
2026-04-29,2026-04-22,次日已审,快策略候选,暂未强势,neutral,继续等待更多交易日或降低权重。,39,002407,多氟多,普通观察,优先观察,78.4,2026-04-29,0.0,common_index_cache,1,1.23,0.08,1.23,2.29,1.23,,,,post_close,2026-04-29 15:00:00,人气Top50；当日上涨；收盘承接较强；温和放量；近5日趋势升温；站上20日线且不过热；连续上榜确认；人气排名明显上升,-,v1
2026-04-29,2026-04-22,次日已审,快策略候选,暂未强势,neutral,继续等待更多交易日或降低权重。,15,301217,铜冠铜箔,普通观察,优先观察,76.15,2026-04-29,0.0,common_index_cache,1,10.37,1.89,10.37,16.22,10.37,,,,post_close,2026-04-29 15:00:00,人气Top20；当日涨停附近；收在日内高位；温和放量；近5日强势延续；首次上榜即强势,短线涨幅偏高；远离20日线过多,v1
2026-04-29,2026-04-22,次日已审,快策略候选,暂未强势,neutral,继续等待更多交易日或降低权重。,45,603738,泰晶科技,普通观察,备选观察,71.3,2026-04-29,0.0,common_index_cache,1,-3.77,1.21,-3.77,2.46,-3.77,,,,post_close,2026-04-29 15:00:00,人气Top50；当日涨停附近；收在日内高位；温和放量；近5日趋势升温；人气排名明显上升,偏离20日线较大,v1
2026-04-29,2026-04-22,次日已审,快策略候选,暂未强势,neutral,继续等待更多交易日或降低权重。,32,002340,格林美,普通观察,备选观察,70.4,2026-04-29,0.0,common_index_cache,1,-5.19,-5.19,-5.19,-4.67,-5.19,,,,post_close,2026-04-29 15:00:00,人气Top50；当日强涨；收在日内高位；放量仍可控；近5日趋势升温；站上20日线且不过热；人气排名明显上升,-,v1
2026-04-29,2026-04-22,次日已审,快策略候选,暂未强势,neutral,继续等待更多交易日或降低权重。,22,000890,法尔胜,普通观察,备选观察,70.4,2026-04-29,0.0,common_index_cache,1,-8.95,-4.07,-8.95,-3.9,-8.95,,,,post_close,2026-04-29 15:00:00,人气Top50；当日强涨；收盘承接较强；温和放量；近5日趋势升温；站上20日线且不过热；人气排名明显上升,-,v1
2026-04-29,2026-04-22,次日已审,快策略候选,暂未强势,neutral,继续等待更多交易日或降低权重。,3,600887,伊利股份,重点观察,备选观察,69.9,2026-04-29,0.0,common_index_cache,1,3.35,3.5,3.35,5.34,3.35,,,,post_close,2026-04-29 15:00:00,人气Top3；当日上涨；收在日内高位；放量仍可控；近5日趋势升温；站上20日线且不过热,-,v1
2026-04-29,2026-04-22,次日已审,快策略候选,暂未强势,neutral,继续等待更多交易日或降低权重。,50,002466,天齐锂业,普通观察,备选观察,69.5,2026-04-29,0.0,common_index_cache,1,5.97,-0.69,5.97,7.51,5.97,,,,post_close,2026-04-29 15:00:00,人气Top50；当日上涨；收在日内高位；温和放量；近5日趋势升温；站上20日线且不过热；人气排名明显上升,-,v1
2026-04-29,2026-04-22,次日已审,快策略候选,暂未强势,neutral,继续等待更多交易日或降低权重。,27,002460,赣锋锂业,普通观察,备选观察,69.5,2026-04-29,0.0,common_index_cache,1,2.05,0.12,2.05,4.94,2.05,,,,post_close,2026-04-29 15:00:00,人气Top50；当日上涨；收在日内高位；温和放量；近5日趋势升温；站上20日线且不过热；人气排名明显上升,-,v1
2026-04-29,2026-04-22,次日已审,快策略候选,暂未强势,neutral,继续等待更多交易日或降低权重。,84,002210,飞马国际,普通观察,备选观察,68.15,2026-04-29,0.0,common_index_cache,1,-9.97,1.51,-9.97,1.51,-9.97,,,,post_close,2026-04-29 15:00:00,当日涨停附近；收在日内高位；放量仍可控；近5日强势延续；站上20日线且不过热；连续上榜确认,短线涨幅偏高,v1
2026-04-29,2026-04-22,次日已审,快策略候选,暂未强势,neutral,继续等待更多交易日或降低权重。,18,603778,国晟科技,普通观察,备选观察,66.8,2026-04-29,0.0,common_index_cache,1,-2.81,-2.81,-2.81,-0.26,-2.81,,,,post_close,2026-04-29 15:00:00,人气Top20；当日强涨；收盘承接较强；温和放量；持续霸榜；人气排名明显上升,热度可能进入后段,v1
2026-04-29,2026-04-22,次日已审,快策略候选,暂未强势,neutral,继续等待更多交易日或降低权重。,46,002594,比亚迪,不推送,备选观察,65.4,2026-04-29,0.0,common_index_cache,1,-2.3,-0.82,-2.3,0.05,-2.3,,,,post_close,2026-04-29 15:00:00,人气Top50；当日上涨；收在日内高位；放量仍可控；站上20日线且不过热；连续上榜确认,人气排名明显回落,v1
2026-04-29,2026-04-22,次日已审,快策略候选,暂未强势,neutral,继续等待更多交易日或降低权重。,33,603906,龙蟠科技,普通观察,备选观察,65.0,2026-04-29,0.0,common_index_cache,1,0.55,1.55,0.55,4.64,0.55,,,,post_close,2026-04-29 15:00:00,人气Top50；当日涨停附近；收在日内高位；近5日趋势升温；人气排名明显上升,偏离20日线较大,v1
2026-04-29,2026-04-22,次日已审,快策略候选,暂未强势,neutral,继续等待更多交易日或降低权重。,28,001896,豫能控股,普通观察,备选观察,65.0,2026-04-29,0.0,common_index_cache,1,-9.98,-4.31,-9.98,-3.72,-9.98,,,,post_close,2026-04-29 15:00:00,人气Top50；当日强涨；收盘承接较强；温和放量；站上20日线且不过热；持续霸榜；人气排名明显上升,近5日趋势未确认；热度可能进入后段,v1
2026-04-28,2026-04-21,次日已审,快策略候选,优先走弱,priority_failed,下个交易日主盯 未兑现，复盘风险项：偏离20日线较大,20,600152,维科技术,重点观察,下个交易日主盯,103.2,2026-04-28,0.0,common_index_cache,2,-5.35,-3.12,-7.58,-2.17,-7.58,,,,post_close,2026-04-28 15:00:00,人气Top20；当日涨停附近；收在日内高位；近5日趋势升温；连续上榜确认；人气排名明显上升,偏离20日线较大,v1
2026-04-28,2026-04-21,次日已审,快策略候选,优先走弱,priority_failed,下个交易日主盯 未兑现，复盘风险项：-,13,603259,药明康德,强推观察,下个交易日主盯,91.4,2026-04-28,0.0,common_index_cache,2,-0.92,0.39,0.55,3.55,0.55,,,,post_close,2026-04-28 15:00:00,人气Top20；当日涨停附近；收在日内高位；温和放量；近5日趋势升温；站上20日线且不过热；人气排名明显上升,-,v1
2026-04-28,2026-04-21,次日已审,快策略候选,暂未强势,neutral,继续等待更多交易日或降低权重。,8,000066,中国长城,重点观察,下个交易日主盯,101.9,2026-04-28,0.0,common_index_cache,2,11.16,-2.8,1.07,1.23,1.07,,,,post_close,2026-04-28 15:00:00,人气Top10；当日上涨；收盘承接较强；放量仍可控；近5日趋势升温；站上20日线且不过热；连续上榜确认；人气排名明显上升,-,v1
2026-04-28,2026-04-21,次日已审,快策略候选,暂未强势,neutral,继续等待更多交易日或降低权重。,9,002297,博云新材,重点观察,下个交易日主盯,89.0,2026-04-28,0.0,common_index_cache,2,8.5,-5.89,2.79,7.88,2.79,,,,post_close,2026-04-28 15:00:00,人气Top10；当日涨停附近；收在日内高位；温和放量；近5日趋势升温；持续霸榜,远离20日线过多；热度可能进入后段,v1
2026-04-28,2026-04-21,次日已审,快策略候选,优先成功,priority_success,优先观察 后续最高表现达到 21.15%，保留这类命中特征。,4,002081,金螳螂,强推观察,优先观察,83.0,2026-04-28,0.0,common_index_cache,2,21.15,-1.44,10.06,10.06,10.06,,,,post_close,2026-04-28 15:00:00,人气Top10；当日涨停附近；收在日内高位；温和放量；近5日趋势升温；站上20日线且不过热；持续霸榜；人气排名明显上升,热度可能进入后段,v1
2026-04-28,2026-04-21,次日已审,快策略候选,优先走弱,priority_failed,优先观察 未兑现，复盘风险项：-,47,000889,中嘉博创,强推观察,优先观察,83.4,2026-04-28,0.0,common_index_cache,2,-9.98,-1.83,-2.04,1.43,-2.04,,,,post_close,2026-04-28 15:00:00,人气Top50；当日涨停附近；收在日内高位；温和放量；近5日趋势升温；站上20日线且不过热；连续上榜确认；人气排名明显上升,-,v1
2026-04-28,2026-04-21,次日已审,快策略候选,暂未强势,neutral,继续等待更多交易日或降低权重。,5,600726,华电能源,重点观察,备选观察,74.1,2026-04-28,0.0,common_index_cache,2,-6.13,-1.0,1.14,8.69,1.14,,,,post_close,2026-04-28 15:00:00,人气Top10；当日涨停附近；收在日内高位；温和放量；连续上榜确认；人气排名明显上升,短线涨幅过热；偏离20日线较大,v1
2026-04-28,2026-04-21,次日已审,快策略候选,暂未强势,neutral,继续等待更多交易日或降低权重。,24,600770,综艺股份,普通观察,备选观察,73.05,2026-04-28,0.0,common_index_cache,2,-0.52,-4.44,3.0,9.53,3.0,,,,post_close,2026-04-28 15:00:00,人气Top50；当日涨停附近；收在日内高位；放量仍可控；近5日强势延续；连续上榜确认；人气排名明显上升,短线涨幅偏高；偏离20日线较大,v1
2026-04-28,2026-04-21,次日已审,快策略候选,暂未强势,neutral,继续等待更多交易日或降低权重。,39,002176,江特电机,不推送,备选观察,72.5,2026-04-28,0.0,common_index_cache,2,9.71,-5.88,9.98,9.98,9.98,,,,post_close,2026-04-28 15:00:00,人气Top50；温和放量；近5日趋势升温；站上20日线且不过热；连续上榜确认,-,v1
2026-04-28,2026-04-21,次日已审,快策略候选,暂未强势,neutral,继续等待更多交易日或降低权重。,41,002175,东方智造,普通观察,备选观察,71.3,2026-04-28,0.0,common_index_cache,1,-4.84,-4.84,-4.84,-4.84,-4.84,,,,post_close,2026-04-28 15:00:00,人气Top50；当日涨停附近；收在日内高位；放量仍可控；近5日趋势升温；站上20日线且不过热,-,v1
2026-04-28,2026-04-21,次日已审,快策略候选,暂未强势,neutral,继续等待更多交易日或降低权重。,15,603318,水发燃气,不推送,备选观察,70.5,2026-04-28,0.0,common_index_cache,2,3.48,-1.02,5.59,8.06,5.59,,,,post_close,2026-04-28 15:00:00,人气Top20；当日涨停附近；收在日内高位；放量仍可控；连续上榜确认,短线涨幅过热；远离20日线过多,v1
2026-04-28,2026-04-21,次日已审,快策略候选,暂未强势,neutral,继续等待更多交易日或降低权重。,77,003026,中晶科技,普通观察,备选观察,70.4,2026-04-28,0.0,common_index_cache,2,10.4,2.16,4.73,10.0,4.73,,,,post_close,2026-04-28 15:00:00,当日涨停附近；收在日内高位；温和放量；近5日趋势升温；站上20日线且不过热,-,v1
2026-04-28,2026-04-21,次日已审,快策略候选,暂未强势,neutral,继续等待更多交易日或降低权重。,58,600227,赤天化,普通观察,备选观察,70.4,2026-04-28,0.0,common_index_cache,2,0.99,0.49,3.95,7.41,3.95,,,,post_close,2026-04-28 15:00:00,当日涨停附近；收在日内高位；温和放量；近5日趋势升温；站上20日线且不过热,-,v1
2026-04-28,2026-04-21,次日已审,快策略候选,暂未强势,neutral,继续等待更多交易日或降低权重。,59,002902,铭普光磁,普通观察,备选观察,70.4,2026-04-28,0.0,common_index_cache,2,-3.43,0.1,-1.53,2.76,-1.53,,,,post_close,2026-04-28 15:00:00,当日涨停附近；收在日内高位；温和放量；近5日趋势升温；站上20日线且不过热,-,v1
2026-04-28,2026-04-21,次日已审,快策略候选,暂未强势,neutral,继续等待更多交易日或降低权重。,19,002636,金安国纪,不推送,备选观察,69.2,2026-04-28,0.0,common_index_cache,2,-2.98,-2.01,-2.03,4.28,-2.03,,,,post_close,2026-04-28 15:00:00,人气Top20；当日上涨；温和放量；近5日趋势升温；站上20日线且不过热；人气排名明显上升,上影线偏长,v1
2026-04-28,2026-04-21,次日已审,快策略候选,暂未强势,neutral,继续等待更多交易日或降低权重。,3,601138,工业富联,普通观察,备选观察,68.6,2026-04-28,0.0,common_index_cache,2,-7.8,-0.63,-2.84,-0.63,-2.84,,,,post_close,2026-04-28 15:00:00,人气Top3；温和放量；近5日趋势升温；站上20日线且不过热；持续霸榜,热度可能进入后段,v1
2026-04-28,2026-04-21,次日已审,快策略候选,暂未强势,neutral,继续等待更多交易日或降低权重。,42,301396,宏景科技,普通观察,备选观察,65.9,2026-04-28,0.0,common_index_cache,2,-5.73,-11.9,-2.54,-0.6,-2.54,,,,post_close,2026-04-28 15:00:00,人气Top50；当日强涨；收盘承接较强；温和放量；近5日趋势升温；人气排名明显上升,偏离20日线较大,v1
2026-04-28,2026-04-21,次日已审,快策略候选,暂未强势,neutral,继续等待更多交易日或降低权重。,50,603538,美诺华,普通观察,备选观察,65.0,2026-04-28,0.0,common_index_cache,2,3.89,1.9,8.62,8.62,8.62,,,,post_close,2026-04-28 15:00:00,人气Top50；当日上涨；收盘承接较强；温和放量；近5日趋势升温；站上20日线且不过热；持续霸榜,热度可能进入后段；人气排名明显回落,v1
2026-04-28,2026-04-21,次日已审,快策略候选,暂未强势,neutral,继续等待更多交易日或降低权重。,55,600150,中国船舶,普通观察,备选观察,65.0,2026-04-28,0.0,common_index_cache,2,1.06,-0.77,-0.39,0.39,-0.39,,,,post_close,2026-04-28 15:00:00,当日强涨；收盘承接较强；温和放量；近5日趋势升温；站上20日线且不过热,-,v1
2026-04-28,,次日已审,低层级强势反哺,普通/不推送走强,low_level_winner,普通观察 后来走强，原因反哺：人气Top10、人气排名明显上升、当日涨停附近,10,603629,利通电子,普通观察,未入快策略,,2026-04-28,0,common_index_cache,2,21.0,9.75,10.0,10.0,10.0,,,,post_close,2026-04-28 15:00:00,人气Top10；当日涨停附近；收在日内高位；近5日趋势升温；持续霸榜；人气排名明显上升,量能不足；偏离20日线较大；热度可能进入后段；一字或近似一字，参与点差,v1
2026-04-28,,次日已审,低层级强势反哺,普通/不推送走强,low_level_winner,不推送 后来走强，原因反哺：当日涨停附近、收在日内高位、站上20日线且不过热,90,603399,永杉锂业,不推送,未入快策略,,2026-04-28,0,common_index_cache,2,20.96,-0.69,9.98,9.98,9.98,,,,post_close,2026-04-28 15:00:00,当日涨停附近；收在日内高位；近5日趋势升温；站上20日线且不过热,-,v1
2026-04-27,2026-04-20,次日已审,快策略候选,优先走弱,priority_failed,下个交易日主盯 未兑现，复盘风险项：-,37,601016,节能风电,普通观察,下个交易日主盯,92.6,2026-04-27,0.0,common_index_cache,3,-8.39,-3.01,1.72,4.3,1.72,-8.39,,,post_close,2026-04-27 15:00:00,人气Top50；当日上涨；收盘承接较强；温和放量；近5日趋势升温；站上20日线且不过热；连续上榜确认,-,v1
2026-04-27,2026-04-20,次日已审,快策略候选,暂未强势,neutral,继续等待更多交易日或降低权重。,8,002709,天赐材料,强推观察,下个交易日主盯,119.3,2026-04-27,0.0,common_index_cache,3,10.1,2.26,-1.87,3.17,-1.87,10.1,,,post_close,2026-04-27 15:00:00,人气Top10；当日上涨；收在日内高位；温和放量；近5日趋势升温；站上20日线且不过热；连续上榜确认；人气排名明显上升,-,v1
2026-04-27,2026-04-20,次日已审,快策略候选,暂未强势,neutral,继续等待更多交易日或降低权重。,36,300136,信维通信,普通观察,下个交易日主盯,93.5,2026-04-27,0.0,common_index_cache,3,3.21,-0.52,-1.1,2.84,-1.1,3.21,,,post_close,2026-04-27 15:00:00,人气Top50；当日强涨；温和放量；近5日趋势升温；站上20日线且不过热；连续上榜确认；人气排名明显上升,-,v1
2026-04-27,2026-04-20,次日已审,快策略候选,优先走弱,priority_failed,优先观察 未兑现，复盘风险项：偏离20日线较大；人气排名明显回落,65,000062,深圳华强,普通观察,优先观察,79.7,2026-04-27,0.0,common_index_cache,3,-1.99,1.35,-4.17,3.8,-4.17,-1.99,,,post_close,2026-04-27 15:00:00,当日涨停附近；收在日内高位；温和放量；近5日趋势升温；连续上榜确认,偏离20日线较大；人气排名明显回落,v1
2026-04-27,2026-04-20,次日已审,快策略候选,优先走弱,priority_failed,优先观察 未兑现，复盘风险项：-,40,600415,小商品城,普通观察,优先观察,77.0,2026-04-27,0.0,common_index_cache,3,-4.54,-1.3,-0.72,2.31,-0.72,-4.54,,,post_close,2026-04-27 15:00:00,人气Top50；当日上涨；收盘承接较强；温和放量；近5日趋势升温；站上20日线且不过热,-,v1
2026-04-27,2026-04-20,次日已审,快策略候选,暂未强势,neutral,继续等待更多交易日或降低权重。,26,600726,华电能源,重点观察,优先观察,82.45,2026-04-27,0.0,common_index_cache,3,3.29,-0.78,10.03,10.03,10.03,3.29,,,post_close,2026-04-27 15:00:00,人气Top50；当日涨停附近；收在日内高位；温和放量；近5日强势延续；站上20日线且不过热；连续上榜确认,短线涨幅偏高,v1
2026-04-27,2026-04-20,次日已审,快策略候选,暂未强势,neutral,继续等待更多交易日或降低权重。,25,002407,多氟多,不推送,优先观察,80.1,2026-04-27,0.0,common_index_cache,3,5.19,-0.98,-2.2,-0.35,-2.2,5.19,,,post_close,2026-04-27 15:00:00,人气Top50；当日上涨；温和放量；近5日趋势升温；站上20日线且不过热；连续上榜确认,-,v1
2026-04-27,2026-04-20,次日已审,快策略候选,暂未强势,neutral,继续等待更多交易日或降低权重。,31,600707,彩虹股份,普通观察,备选观察,74.4,2026-04-27,0.0,common_index_cache,3,-8.9,0.34,-2.48,1.8,-2.48,-8.9,,,post_close,2026-04-27 15:00:00,人气Top50；当日涨停附近；收在日内高位；温和放量；站上20日线且不过热；人气排名明显上升,-,v1
2026-04-27,2026-04-20,次日已审,快策略候选,暂未强势,neutral,继续等待更多交易日或降低权重。,93,300570,太辰光,普通观察,备选观察,70.4,2026-04-27,0.0,common_index_cache,3,-9.28,-0.55,-4.81,1.67,-4.81,-9.28,,,post_close,2026-04-27 15:00:00,当日涨停附近；收在日内高位；温和放量；近5日趋势升温；站上20日线且不过热,-,v1
2026-04-27,2026-04-20,次日已审,快策略候选,暂未强势,neutral,继续等待更多交易日或降低权重。,29,600110,诺德股份,不推送,备选观察,67.2,2026-04-27,0.0,common_index_cache,3,2.58,-0.76,0.76,4.58,0.76,2.58,,,post_close,2026-04-27 15:00:00,人气Top50；当日上涨；收盘承接较强；温和放量；站上20日线且不过热；连续上榜确认；人气排名明显上升,近5日趋势未确认,v1
2026-04-27,2026-04-20,次日已审,快策略候选,暂未强势,neutral,继续等待更多交易日或降低权重。,7,002475,立讯精密,不推送,备选观察,67.2,2026-04-27,0.0,common_index_cache,3,-6.91,-1.32,-2.9,0.6,-2.9,-6.91,,,post_close,2026-04-27 15:00:00,人气Top10；温和放量；近5日趋势升温；站上20日线且不过热；持续霸榜；人气排名明显上升,当日转弱；热度可能进入后段,v1
2026-04-27,2026-04-20,次日已审,快策略候选,暂未强势,neutral,继续等待更多交易日或降低权重。,41,600396,华电辽能,普通观察,备选观察,66.85,2026-04-27,0.0,common_index_cache,3,-1.98,0.1,6.72,9.98,6.72,-1.98,,,post_close,2026-04-27 15:00:00,人气Top50；当日涨停附近；收在日内高位；温和放量；近5日强势延续；站上20日线且不过热；持续霸榜,短线涨幅偏高；热度可能进入后段；人气排名明显回落,v1
2026-04-27,2026-04-20,次日已审,快策略候选,备选走强,backup_success,备选观察 后续最高表现达到 17.27%，保留这类命中特征。,60,300390,天华新能,不推送,备选观察,72.5,2026-04-27,0.0,common_index_cache,3,17.27,-0.41,-1.32,0.64,-1.32,17.27,,,post_close,2026-04-27 15:00:00,当日上涨；温和放量；近5日趋势升温；站上20日线且不过热；连续上榜确认,-,v1
2026-04-27,,次日已审,低层级强势反哺,普通/不推送走强,low_level_winner,不推送 后来走强，原因反哺：人气Top50、持续霸榜、温和放量,30,002081,金螳螂,不推送,未入快策略,,2026-04-27,0,common_index_cache,3,33.18,0.9,9.93,9.93,9.93,33.18,,,post_close,2026-04-27 15:00:00,人气Top50；温和放量；近5日趋势升温；站上20日线且不过热；持续霸榜,当日转弱；收盘承接偏弱；热度可能进入后段,v1
2026-04-27,,次日已审,低层级强势反哺,普通/不推送走强,low_level_winner,不推送 后来走强，原因反哺：持续霸榜,66,603629,利通电子,不推送,未入快策略,,2026-04-27,0,common_index_cache,3,33.1,10.0,10.0,10.0,10.0,33.1,,,post_close,2026-04-27 15:00:00,持续霸榜,当日转弱；偏离20日线较大；热度可能进入后段,v1
2026-04-27,,次日已审,低层级强势反哺,普通/不推送走强,low_level_winner,不推送 后来走强，原因反哺：人气Top3、人气排名明显上升、持续霸榜,3,002297,博云新材,不推送,未入快策略,,2026-04-27,0,common_index_cache,3,19.34,2.29,9.99,9.99,9.99,19.34,,,post_close,2026-04-27 15:00:00,人气Top3；温和放量；近5日趋势升温；持续霸榜；人气排名明显上升,当日转弱；偏离20日线较大；热度可能进入后段,v1
2026-04-27,,次日已审,低层级强势反哺,普通/不推送走强,low_level_winner,不推送 后来走强，原因反哺：温和放量、站上20日线且不过热、近5日趋势升温,80,000066,中国长城,不推送,未入快策略,,2026-04-27,0,common_index_cache,3,18.19,-0.83,6.32,8.53,6.32,18.19,,,post_close,2026-04-27 15:00:00,温和放量；近5日趋势升温；站上20日线且不过热；连续上榜确认,-,v1
2026-04-27,,次日已审,低层级强势反哺,普通/不推送走强,low_level_winner,不推送 后来走强，原因反哺：当日上涨、温和放量、站上20日线且不过热,60,300390,天华新能,不推送,已入快策略,,2026-04-27,0,common_index_cache,3,17.27,-0.41,-1.32,0.64,-1.32,17.27,,,post_close,2026-04-27 15:00:00,当日上涨；温和放量；近5日趋势升温；站上20日线且不过热；连续上榜确认,-,v1
2026-04-24,2026-04-17,次日已审,快策略候选,优先成功,priority_success,下个交易日主盯 后续最高表现达到 22.41%，保留这类命中特征。,17,600726,华电能源,重点观察,下个交易日主盯,108.15,2026-04-24,0.0,common_index_cache,4,13.62,-2.76,10.0,10.0,10.0,22.41,,,post_close,2026-04-24 15:00:00,人气Top20；当日涨停附近；收在日内高位；放量仍可控；近5日强势延续；站上20日线且不过热；连续上榜确认；人气排名明显上升,短线涨幅偏高,v1
2026-04-24,2026-04-17,次日已审,快策略候选,优先成功,priority_success,下个交易日主盯 后续最高表现达到 18.14%，保留这类命中特征。,50,002176,江特电机,重点观察,下个交易日主盯,89.0,2026-04-24,0.0,common_index_cache,4,17.84,1.54,6.39,8.59,6.39,18.14,,,post_close,2026-04-24 15:00:00,人气Top50；当日涨停附近；收在日内高位；温和放量；近5日趋势升温；站上20日线且不过热,-,v1
2026-04-24,2026-04-17,次日已审,快策略候选,暂未强势,neutral,继续等待更多交易日或降低权重。,7,002407,多氟多,强推观察,下个交易日主盯,107.3,2026-04-24,0.0,common_index_cache,4,9.9,1.79,4.48,5.6,4.48,8.57,,,post_close,2026-04-24 15:00:00,人气Top10；当日涨停附近；收在日内高位；放量仍可控；近5日趋势升温；站上20日线且不过热；人气排名明显上升,-,v1
2026-04-24,2026-04-17,次日已审,快策略候选,暂未强势,neutral,继续等待更多交易日或降低权重。,20,000062,深圳华强,强推观察,下个交易日主盯,106.4,2026-04-24,0.0,common_index_cache,4,7.83,3.01,10.02,10.02,10.02,4.12,,,post_close,2026-04-24 15:00:00,人气Top20；当日涨停附近；收在日内高位；温和放量；近5日趋势升温；站上20日线且不过热；人气排名明显上升,-,v1
2026-04-24,2026-04-17,次日已审,快策略候选,暂未强势,neutral,继续等待更多交易日或降低权重。,14,002466,天齐锂业,重点观察,下个交易日主盯,101.0,2026-04-24,0.0,common_index_cache,4,8.59,-0.27,-0.07,2.39,-0.07,2.47,,,post_close,2026-04-24 15:00:00,人气Top20；当日强涨；收盘承接较强；温和放量；近5日趋势升温；站上20日线且不过热；人气排名明显上升,-,v1
2026-04-24,2026-04-17,次日已审,快策略候选,暂未强势,neutral,继续等待更多交易日或降低权重。,25,002812,恩捷股份,重点观察,下个交易日主盯,89.0,2026-04-24,0.0,common_index_cache,4,7.48,3.96,4.76,8.84,4.76,9.45,,,post_close,2026-04-24 15:00:00,人气Top50；当日涨停附近；收在日内高位；温和放量；近5日趋势升温；站上20日线且不过热,-,v1
2026-04-24,2026-04-17,次日已审,快策略候选,优先走弱,priority_failed,优先观察 未兑现，复盘风险项：-,47,000925,众合科技,重点观察,优先观察,81.0,2026-04-24,0.0,common_index_cache,4,-0.11,10.0,10.0,10.0,10.0,6.09,,,post_close,2026-04-24 15:00:00,人气Top50；当日涨停附近；收在日内高位；温和放量；近5日趋势升温；站上20日线且不过热,-,v1
2026-04-24,2026-04-17,次日已审,快策略候选,优先走弱,priority_failed,优先观察 未兑现，复盘风险项：-,35,600519,贵州茅台,不推送,优先观察,76.1,2026-04-24,0.0,common_index_cache,4,-5.05,-2.64,-3.79,-2.64,-3.79,-3.93,,,post_close,2026-04-24 15:00:00,人气Top50；收在日内高位；温和放量；站上20日线且不过热；连续上榜确认；人气排名明显上升,-,v1
2026-04-24,2026-04-17,次日已审,快策略候选,暂未强势,neutral,继续等待更多交易日或降低权重。,5,002565,顺灏股份,不推送,备选观察,72.5,2026-04-24,0.0,common_index_cache,4,-3.94,-3.99,-6.21,-2.42,-6.21,-6.46,,,post_close,2026-04-24 15:00:00,人气Top10；温和放量；站上20日线且不过热；持续霸榜,热度可能进入后段,v1
2026-04-24,2026-04-17,次日已审,快策略候选,暂未强势,neutral,继续等待更多交易日或降低权重。,21,002709,天赐材料,普通观察,备选观察,70.4,2026-04-24,0.0,common_index_cache,4,14.73,0.08,4.21,4.47,4.21,12.48,,,post_close,2026-04-24 15:00:00,人气Top50；当日强涨；收盘承接较强；温和放量；近5日趋势升温；站上20日线且不过热；人气排名明显上升,-,v1
2026-04-24,2026-04-17,次日已审,快策略候选,暂未强势,neutral,继续等待更多交易日或降低权重。,10,600487,亨通光电,普通观察,备选观察,69.9,2026-04-24,0.0,common_index_cache,4,-5.52,0.0,2.65,7.12,2.65,-3.11,,,post_close,2026-04-24 15:00:00,人气Top10；温和放量；近5日趋势升温；站上20日线且不过热；持续霸榜,热度可能进入后段,v1
2026-04-24,2026-04-17,次日已审,快策略候选,暂未强势,neutral,继续等待更多交易日或降低权重。,55,002990,盛视科技,普通观察,备选观察,67.7,2026-04-24,0.0,common_index_cache,4,-0.52,-5.73,-10.0,-3.9,-10.0,-9.55,,,post_close,2026-04-24 15:00:00,当日涨停附近；收在日内高位；温和放量；近5日趋势升温；人气排名明显上升,偏离20日线较大,v1
2026-04-24,2026-04-17,次日已审,快策略候选,暂未强势,neutral,继续等待更多交易日或降低权重。,74,000973,佛塑科技,普通观察,备选观察,66.8,2026-04-24,0.0,common_index_cache,4,10.53,0.58,3.84,6.37,3.84,12.11,,,post_close,2026-04-24 15:00:00,当日涨停附近；收在日内高位；温和放量；站上20日线且不过热；人气排名明显上升,-,v1
2026-04-24,2026-04-17,次日已审,快策略候选,备选走强,backup_success,备选观察 后续最高表现达到 21.43%，保留这类命中特征。,42,300390,天华新能,普通观察,备选观察,67.7,2026-04-24,0.0,common_index_cache,4,21.43,-1.0,3.55,6.79,3.55,21.43,,,post_close,2026-04-24 15:00:00,人气Top50；当日涨停附近；收盘承接较强；温和放量；站上20日线且不过热；人气排名明显上升,-,v1
2026-04-24,,次日已审,低层级强势反哺,普通/不推送走强,low_level_winner,不推送 后来走强，原因反哺：持续霸榜、温和放量,72,603629,利通电子,不推送,未入快策略,,2026-04-24,0,common_index_cache,4,31.98,-2.11,-0.84,2.35,-0.84,19.99,,,post_close,2026-04-24 15:00:00,温和放量；持续霸榜,当日转弱；收盘承接偏弱；偏离20日线较大；热度可能进入后段；人气排名明显回落,v1
2026-04-24,,次日已审,低层级强势反哺,普通/不推送走强,low_level_winner,不推送 后来走强，原因反哺：人气Top3、站上20日线且不过热,1,688808,联讯仪器,不推送,未入快策略,,2026-04-24,0,common_index_cache,4,29.33,2.63,10.14,12.64,10.14,16.15,,,post_close,2026-04-24 15:00:00,人气Top3；站上20日线且不过热,-,v1
2026-04-24,,次日已审,低层级强势反哺,普通/不推送走强,low_level_winner,普通观察 后来走强，原因反哺：当日涨停附近、收在日内高位、温和放量,79,002192,融捷股份,普通观察,未入快策略,,2026-04-24,0,common_index_cache,4,26.59,3.19,4.8,9.86,4.8,15.08,,,post_close,2026-04-24 15:00:00,当日涨停附近；收在日内高位；温和放量；站上20日线且不过热,-,v1
2026-04-24,,次日已审,低层级强势反哺,普通/不推送走强,low_level_winner,不推送 后来走强，原因反哺：人气排名明显上升、当日上涨、温和放量,52,605299,舒华体育,不推送,未入快策略,,2026-04-24,0,common_index_cache,4,25.33,-0.14,6.37,9.99,6.37,13.94,,,post_close,2026-04-24 15:00:00,当日上涨；温和放量；近5日趋势升温；站上20日线且不过热；人气排名明显上升,-,v1
2026-04-24,,次日已审,低层级强势反哺,普通/不推送走强,low_level_winner,不推送 后来走强，原因反哺：人气Top50、当日涨停附近、收在日内高位,40,603318,水发燃气,不推送,未入快策略,,2026-04-24,0,common_index_cache,4,25.2,7.46,10.01,10.01,10.01,27.74,,,post_close,2026-04-24 15:00:00,人气Top50；当日涨停附近；收在日内高位,量能不足；短线涨幅过热；偏离20日线较大；一字或近似一字，参与点差,v1
2026-04-24,,次日已审,低层级强势反哺,普通/不推送走强,low_level_winner,不推送 后来走强，原因反哺：当日涨停附近、收在日内高位、放量仍可控,95,600338,西藏珠峰,不推送,未入快策略,,2026-04-24,0,common_index_cache,4,22.2,1.02,10.01,10.01,10.01,22.33,,,post_close,2026-04-24 15:00:00,当日涨停附近；收在日内高位；放量仍可控；站上20日线且不过热,-,v1
2026-04-24,,次日已审,低层级强势反哺,普通/不推送走强,low_level_winner,不推送 后来走强，原因反哺：人气Top20、持续霸榜、近5日强势延续,11,002081,金螳螂,不推送,未入快策略,,2026-04-24,0,common_index_cache,4,20.65,-7.57,-9.41,-1.23,-9.41,9.61,,,post_close,2026-04-24 15:00:00,人气Top20；近5日强势延续；持续霸榜,当日转弱；收盘承接偏弱；短线涨幅偏高；偏离20日线较大；热度可能进入后段,v1
2026-04-24,,次日已审,低层级强势反哺,普通/不推送走强,low_level_winner,不推送 后来走强，原因反哺：站上20日线且不过热,71,000066,中国长城,不推送,未入快策略,,2026-04-24,0,common_index_cache,4,20.49,1.03,1.95,4.86,1.95,9.54,,,post_close,2026-04-24 15:00:00,站上20日线且不过热,收盘承接偏弱,v1
2026-04-24,,次日已审,低层级强势反哺,普通/不推送走强,low_level_winner,普通观察 后来走强，原因反哺：人气Top50、人气排名明显上升、当日涨停附近,33,002240,盛新锂能,普通观察,未入快策略,,2026-04-24,0,common_index_cache,4,17.99,0.16,2.34,4.77,2.34,7.26,,,post_close,2026-04-24 15:00:00,人气Top50；当日涨停附近；收在日内高位；温和放量；站上20日线且不过热；人气排名明显上升,-,v1
2026-04-24,,次日已审,低层级强势反哺,普通/不推送走强,low_level_winner,不推送 后来走强，原因反哺：温和放量、站上20日线且不过热、近5日趋势升温,56,600186,莲花控股,不推送,未入快策略,,2026-04-24,0,common_index_cache,4,17.29,0.55,2.19,4.81,2.19,18.38,,,post_close,2026-04-24 15:00:00,温和放量；近5日趋势升温；站上20日线且不过热；连续上榜确认,当日转弱；收盘承接偏弱；人气排名明显回落,v1
2026-04-24,,次日已审,低层级强势反哺,普通/不推送走强,low_level_winner,普通观察 后来走强，原因反哺：人气Top50、人气排名明显上升、当日涨停附近,42,300390,天华新能,普通观察,已入快策略,,2026-04-24,0,common_index_cache,4,21.43,-1.0,3.55,6.79,3.55,21.43,,,post_close,2026-04-24 15:00:00,人气Top50；当日涨停附近；收盘承接较强；温和放量；站上20日线且不过热；人气排名明显上升,-,v1
2026-04-23,2026-04-16,次日已审,快策略候选,优先成功,priority_success,下个交易日主盯 后续最高表现达到 22.22%，保留这类命中特征。,13,600186,莲花控股,强推观察,下个交易日主盯,101.2,2026-04-23,0.0,common_index_cache,5,13.44,1.38,-3.28,3.7,-3.28,4.13,13.44,22.22,post_close,2026-04-23 15:00:00,人气Top20；当日涨停附近；收在日内高位；温和放量；近5日趋势升温；站上20日线且不过热；连续上榜确认,-,v1
2026-04-23,2026-04-16,次日已审,快策略候选,优先成功,priority_success,下个交易日主盯 后续最高表现达到 17.55%，保留这类命中特征。,16,603538,美诺华,重点观察,下个交易日主盯,101.0,2026-04-23,0.0,common_index_cache,5,12.44,-0.99,3.65,6.93,3.65,8.23,12.44,17.55,post_close,2026-04-23 15:00:00,人气Top20；当日涨停附近；收在日内高位；温和放量；站上20日线且不过热；持续霸榜；人气排名明显上升,近5日趋势未确认；热度可能进入后段,v1
2026-04-23,2026-04-16,次日已审,快策略候选,优先成功,priority_success,下个交易日主盯 后续最高表现达到 44.78%，保留这类命中特征。,42,600726,华电能源,重点观察,下个交易日主盯,97.0,2026-04-23,0.0,common_index_cache,5,25.05,4.93,10.06,10.06,10.06,33.21,25.05,44.78,post_close,2026-04-23 15:00:00,人气Top50；当日涨停附近；收在日内高位；温和放量；近5日趋势升温；站上20日线且不过热,-,v1
2026-04-23,2026-04-16,次日已审,快策略候选,优先走弱,priority_failed,下个交易日主盯 未兑现，复盘风险项：短线涨幅偏高,15,000890,法尔胜,重点观察,下个交易日主盯,113.05,2026-04-23,0.0,common_index_cache,5,-6.56,-0.78,-3.1,4.3,-3.1,-5.13,-6.56,4.36,post_close,2026-04-23 15:00:00,人气Top20；当日涨停附近；收在日内高位；温和放量；近5日强势延续；站上20日线且不过热；连续上榜确认,短线涨幅偏高,v1
2026-04-23,2026-04-16,次日已审,快策略候选,优先走弱,priority_failed,下个交易日主盯 未兑现，复盘风险项：短线涨幅偏高,23,603618,杭电股份,重点观察,下个交易日主盯,111.25,2026-04-23,0.0,common_index_cache,5,-10.03,0.8,-2.71,5.48,-2.71,-7.48,-10.03,5.48,post_close,2026-04-23 15:00:00,人气Top50；当日涨停附近；收在日内高位；温和放量；近5日强势延续；站上20日线且不过热；连续上榜确认；人气排名明显上升,短线涨幅偏高,v1
2026-04-23,2026-04-16,次日已审,快策略候选,优先走弱,priority_failed,下个交易日主盯 未兑现，复盘风险项：热度可能进入后段,2,601778,晶科科技,强推观察,下个交易日主盯,103.0,2026-04-23,0.0,common_index_cache,5,-9.6,4.87,-0.28,9.6,-0.28,-0.97,-9.6,9.6,post_close,2026-04-23 15:00:00,人气Top3；当日涨停附近；收在日内高位；温和放量；近5日趋势升温；站上20日线且不过热；持续霸榜；人气排名明显上升,热度可能进入后段,v1
2026-04-23,2026-04-16,次日已审,快策略候选,优先走弱,priority_failed,下个交易日主盯 未兑现，复盘风险项：-,36,603220,中贝通信,强推观察,下个交易日主盯,99.4,2026-04-23,0.0,common_index_cache,5,-17.44,-2.95,-6.98,-2.13,-6.98,-14.61,-17.44,-2.13,post_close,2026-04-23 15:00:00,人气Top50；当日涨停附近；收在日内高位；温和放量；近5日趋势升温；站上20日线且不过热；连续上榜确认；人气排名明显上升,-,v1
2026-04-23,2026-04-16,次日已审,快策略候选,优先走弱,priority_failed,下个交易日主盯 未兑现，复盘风险项：-,21,600986,浙文互联,重点观察,下个交易日主盯,98.8,2026-04-23,0.0,common_index_cache,5,-17.64,-3.54,1.4,7.09,1.4,-12.28,-17.64,7.09,post_close,2026-04-23 15:00:00,人气Top50；当日涨停附近；收在日内高位；温和放量；近5日趋势升温；站上20日线且不过热；人气排名明显上升,-,v1
2026-04-23,2026-04-16,次日已审,快策略候选,优先走弱,priority_failed,下个交易日主盯 未兑现，复盘风险项：偏离20日线较大,17,002008,大族激光,重点观察,下个交易日主盯,97.9,2026-04-23,0.0,common_index_cache,5,-2.78,0.0,-1.1,2.31,-1.1,1.56,-2.78,7.1,post_close,2026-04-23 15:00:00,人气Top20；当日涨停附近；收在日内高位；温和放量；近5日趋势升温；人气排名明显上升,偏离20日线较大,v1
2026-04-23,2026-04-16,次日已审,快策略候选,优先走弱,priority_failed,下个交易日主盯 未兑现，复盘风险项：热度可能进入后段,29,001896,豫能控股,普通观察,下个交易日主盯,85.0,2026-04-23,0.0,common_index_cache,5,-15.19,-2.67,-6.79,-0.45,-6.79,-12.47,-15.19,-0.45,post_close,2026-04-23 15:00:00,人气Top50；收盘承接较强；温和放量；近5日趋势升温；站上20日线且不过热；持续霸榜；人气排名明显上升,热度可能进入后段,v1
2026-04-23,2026-04-16,次日已审,快策略候选,暂未强势,neutral,继续等待更多交易日或降低权重。,1,600396,华电辽能,强推观察,下个交易日主盯,103.0,2026-04-23,0.0,common_index_cache,5,0.92,-1.83,-6.41,9.87,-6.41,9.87,0.92,14.95,post_close,2026-04-23 15:00:00,人气Top3；当日涨停附近；收在日内高位；温和放量；近5日强势延续；站上20日线且不过热；持续霸榜；人气排名明显上升,短线涨幅偏高；热度可能进入后段,v1
2026-04-23,2026-04-16,次日已审,快策略候选,暂未强势,neutral,继续等待更多交易日或降低权重。,47,001267,汇绿生态,重点观察,下个交易日主盯,97.0,2026-04-23,0.0,common_index_cache,5,5.97,1.77,-1.22,5.36,-1.22,1.71,5.97,11.35,post_close,2026-04-23 15:00:00,人气Top50；当日涨停附近；收在日内高位；温和放量；近5日趋势升温；站上20日线且不过热,-,v1
2026-04-23,2026-04-16,次日已审,快策略候选,暂未强势,neutral,继续等待更多交易日或降低权重。,12,300136,信维通信,重点观察,下个交易日主盯,96.1,2026-04-23,0.0,common_index_cache,5,9.46,-0.49,-2.53,5.48,-2.53,4.89,9.46,10.27,post_close,2026-04-23 15:00:00,人气Top20；当日上涨；收在日内高位；温和放量；近5日趋势升温；站上20日线且不过热；人气排名明显上升,-,v1
2026-04-23,2026-04-16,次日已审,快策略候选,暂未强势,neutral,继续等待更多交易日或降低权重。,7,002297,博云新材,重点观察,下个交易日主盯,95.65,2026-04-23,0.0,common_index_cache,5,10.16,-3.01,0.27,0.94,0.27,1.53,10.16,14.21,post_close,2026-04-23 15:00:00,人气Top10；当日涨停附近；收在日内高位；温和放量；近5日强势延续；持续霸榜；人气排名明显上升,短线涨幅偏高；远离20日线过多；热度可能进入后段,v1
2026-04-23,2026-04-16,次日已审,快策略候选,优先成功,priority_success,优先观察 后续最高表现达到 23.99%，保留这类命中特征。,31,603629,利通电子,不推送,优先观察,83.2,2026-04-23,0.0,common_index_cache,5,23.98,-4.12,-6.06,-0.33,-6.06,2.46,23.98,23.99,post_close,2026-04-23 15:00:00,人气Top50；当日强涨；收盘承接较强；温和放量；近5日趋势升温；持续霸榜；人气排名明显上升,远离20日线过多；热度可能进入后段,v1
2026-04-23,2026-04-16,次日已审,快策略候选,优先走弱,priority_failed,优先观察 未兑现，复盘风险项：-,9,601016,节能风电,重点观察,优先观察,80.6,2026-04-23,0.0,common_index_cache,5,-4.91,1.12,0.0,6.03,0.0,5.58,-4.91,8.26,post_close,2026-04-23 15:00:00,人气Top10；当日涨停附近；收在日内高位；近5日趋势升温；站上20日线且不过热；首次上榜即强势,-,v1
2026-04-23,2026-04-16,次日已审,快策略候选,优先走弱,priority_failed,优先观察 未兑现，复盘风险项：热度可能进入后段,18,600821,金开新能,普通观察,优先观察,79.7,2026-04-23,0.0,common_index_cache,5,-18.58,-1.98,-7.31,-0.84,-7.31,-12.94,-18.58,-0.84,post_close,2026-04-23 15:00:00,人气Top20；当日上涨；温和放量；近5日趋势升温；站上20日线且不过热；持续霸榜；人气排名明显上升,热度可能进入后段,v1
2026-04-23,2026-04-16,次日已审,快策略候选,优先走弱,priority_failed,优先观察 未兑现，复盘风险项：短线涨幅偏高；热度可能进入后段,8,600487,亨通光电,普通观察,优先观察,78.85,2026-04-23,0.0,common_index_cache,5,-5.49,-2.19,0.03,2.56,0.03,-1.77,-5.49,7.15,post_close,2026-04-23 15:00:00,人气Top10；当日上涨；收盘承接较强；温和放量；近5日强势延续；站上20日线且不过热；持续霸榜,短线涨幅偏高；热度可能进入后段,v1
2026-04-23,2026-04-16,次日已审,快策略候选,优先走弱,priority_failed,优先观察 未兑现，复盘风险项：短线涨幅偏高,32,300342,天银机电,不推送,优先观察,76.55,2026-04-23,0.0,common_index_cache,5,-5.56,-1.76,-1.99,2.79,-1.99,-6.19,-5.56,2.79,post_close,2026-04-23 15:00:00,人气Top50；当日强涨；温和放量；近5日强势延续；站上20日线且不过热；连续上榜确认,短线涨幅偏高,v1
2026-04-23,2026-04-16,次日已审,快策略候选,优先走弱,priority_failed,优先观察 未兑现，复盘风险项：热度可能进入后段,24,002015,协鑫能科,不推送,优先观察,76.1,2026-04-23,0.0,common_index_cache,5,-14.17,-3.0,-5.66,0.97,-5.66,-8.75,-14.17,0.97,post_close,2026-04-23 15:00:00,人气Top50；当日上涨；温和放量；近5日趋势升温；站上20日线且不过热；持续霸榜；人气排名明显上升,热度可能进入后段,v1
2026-04-23,2026-04-16,次日已审,快策略候选,暂未强势,neutral,继续等待更多交易日或降低权重。,40,600118,中国卫星,普通观察,优先观察,77.9,2026-04-23,0.0,common_index_cache,5,0.78,-2.0,-5.59,-1.31,-5.59,-4.91,0.78,1.76,post_close,2026-04-23 15:00:00,人气Top50；当日上涨；温和放量；近5日趋势升温；站上20日线且不过热；连续上榜确认；人气排名明显上升,-,v1
2026-04-23,2026-04-16,次日已审,快策略候选,暂未强势,neutral,继续等待更多交易日或降低权重。,27,002281,光迅科技,不推送,备选观察,72.5,2026-04-23,0.0,common_index_cache,5,9.57,-1.5,-2.26,3.03,-2.26,4.04,9.57,11.0,post_close,2026-04-23 15:00:00,人气Top50；当日上涨；温和放量；近5日趋势升温；站上20日线且不过热；持续霸榜,热度可能进入后段；人气排名明显回落,v1
2026-04-23,2026-04-16,次日已审,快策略候选,暂未强势,neutral,继续等待更多交易日或降低权重。,39,603308,应流股份,普通观察,备选观察,71.3,2026-04-23,0.0,common_index_cache,5,-8.94,-1.0,-0.98,2.0,-0.98,-7.87,-8.94,2.0,post_close,2026-04-23 15:00:00,人气Top50；当日涨停附近；收在日内高位；放量仍可控；近5日趋势升温；站上20日线且不过热,-,v1
2026-04-23,2026-04-16,次日已审,快策略候选,暂未强势,neutral,继续等待更多交易日或降低权重。,20,000539,粤电力A,普通观察,备选观察,70.85,2026-04-23,0.0,common_index_cache,5,-8.67,-5.17,-8.25,-2.1,-8.25,1.68,-8.67,4.76,post_close,2026-04-23 15:00:00,人气Top20；当日强涨；收在日内高位；放量仍可控；近5日强势延续；站上20日线且不过热；人气排名明显上升,短线涨幅偏高,v1
2026-04-23,2026-04-16,次日已审,快策略候选,暂未强势,neutral,继续等待更多交易日或降低权重。,33,600736,苏州高新,不推送,备选观察,68.75,2026-04-23,0.0,common_index_cache,5,-2.63,9.92,1.55,10.04,1.55,-6.57,-2.63,10.04,post_close,2026-04-23 15:00:00,人气Top50；当日涨停附近；收在日内高位；近5日强势延续；连续上榜确认；人气排名明显上升,短线涨幅偏高；偏离20日线较大；一字或近似一字，参与点差,v1
2026-04-23,2026-04-16,次日已审,快策略候选,暂未强势,neutral,继续等待更多交易日或降低权重。,49,600415,小商品城,不推送,备选观察,68.3,2026-04-23,0.0,common_index_cache,5,-2.79,-0.95,-2.79,-0.22,-2.79,1.1,-2.79,4.18,post_close,2026-04-23 15:00:00,人气Top50；当日强涨；收盘承接较强；近5日趋势升温；站上20日线且不过热；连续上榜确认；人气排名明显上升,放量过猛,v1
2026-04-23,2026-04-16,次日已审,快策略候选,暂未强势,neutral,继续等待更多交易日或降低权重。,34,002429,兆驰股份,普通观察,备选观察,68.15,2026-04-23,0.0,common_index_cache,5,-15.65,-10.0,-10.0,-10.0,-10.0,-13.36,-15.65,-6.49,post_close,2026-04-23 15:00:00,人气Top50；当日涨停附近；收在日内高位；放量仍可控；近5日强势延续；站上20日线且不过热,短线涨幅偏高,v1
2026-04-23,,次日已审,低层级强势反哺,普通/不推送走强,low_level_winner,不推送 后来走强，原因反哺：收盘承接较强、放量仍可控、站上20日线且不过热,79,300613,富瀚微,不推送,未入快策略,,2026-04-23,0,common_index_cache,5,26.36,19.62,20.01,20.01,20.01,29.96,26.36,42.63,post_close,2026-04-23 15:00:00,收盘承接较强；放量仍可控；近5日趋势升温；站上20日线且不过热,-,v1
2026-04-23,,次日已审,低层级强势反哺,普通/不推送走强,low_level_winner,不推送 后来走强，原因反哺：人气Top50、温和放量、连续上榜确认,43,600110,诺德股份,不推送,未入快策略,,2026-04-23,0,common_index_cache,5,15.97,-3.56,5.29,7.34,5.29,13.92,15.97,22.33,post_close,2026-04-23 15:00:00,人气Top50；温和放量；连续上榜确认,当日转弱；收盘承接偏弱；近5日趋势未确认；人气排名明显回落,v1
2026-04-23,,次日已审,低层级强势反哺,普通/不推送走强,low_level_winner,不推送 后来走强，原因反哺：持续霸榜、温和放量、站上20日线且不过热,80,002217,合力泰,不推送,未入快策略,,2026-04-23,0,common_index_cache,5,4.33,-0.36,-2.89,3.25,-2.89,7.58,4.33,17.69,post_close,2026-04-23 15:00:00,温和放量；近5日趋势升温；站上20日线且不过热；持续霸榜,当日转弱；收盘承接偏弱；热度可能进入后段；人气排名明显回落,v1
2026-04-23,,次日已审,低层级强势反哺,普通/不推送走强,low_level_winner,不推送 后来走强，原因反哺：人气Top50、人气排名明显上升、当日强涨,31,603629,利通电子,不推送,已入快策略,,2026-04-23,0,common_index_cache,5,23.98,-4.12,-6.06,-0.33,-6.06,2.46,23.98,23.99,post_close,2026-04-23 15:00:00,人气Top50；当日强涨；收盘承接较强；温和放量；近5日趋势升温；持续霸榜；人气排名明显上升,远离20日线过多；热度可能进入后段,v1
2026-04-22,2026-04-15,次日已审,快策略候选,优先成功,priority_success,下个交易日主盯 后续最高表现达到 26.40%，保留这类命中特征。,15,600396,华电辽能,强推观察,下个交易日主盯,99.4,2026-04-22,0.0,common_index_cache,6,10.96,3.91,9.96,9.96,9.96,13.2,16.67,26.4,post_close,2026-04-22 15:00:00,人气Top20；当日涨停附近；收在日内高位；温和放量；近5日趋势升温；站上20日线且不过热；持续霸榜,热度可能进入后段,v1
2026-04-22,2026-04-15,次日已审,快策略候选,优先成功,priority_success,下个交易日主盯 后续最高表现达到 25.96%，保留这类命中特征。,14,600186,莲花控股,重点观察,下个交易日主盯,94.0,2026-04-22,0.0,common_index_cache,6,24.8,-0.23,10.01,10.01,10.01,8.73,25.96,25.96,post_close,2026-04-22 15:00:00,人气Top20；当日上涨；收盘承接较强；温和放量；近5日趋势升温；站上20日线且不过热；连续上榜确认；人气排名明显上升,-,v1
2026-04-22,2026-04-15,次日已审,快策略候选,优先走弱,priority_failed,下个交易日主盯 未兑现，复盘风险项：热度可能进入后段,16,300058,蓝色光标,不推送,下个交易日主盯,99.1,2026-04-22,0.0,common_index_cache,6,-11.02,0.83,-1.25,6.08,-1.25,-10.24,-9.62,6.08,post_close,2026-04-22 15:00:00,人气Top20；温和放量；近5日趋势升温；站上20日线且不过热；持续霸榜；人气排名明显上升,热度可能进入后段,v1
2026-04-22,2026-04-15,次日已审,快策略候选,优先走弱,priority_failed,下个交易日主盯 未兑现，复盘风险项：人气排名明显回落,66,002149,西部材料,不推送,下个交易日主盯,98.2,2026-04-22,0.0,common_index_cache,6,-0.92,-0.19,0.36,4.38,0.36,-9.7,-9.92,4.38,post_close,2026-04-22 15:00:00,当日上涨；收盘承接较强；温和放量；近5日趋势升温；站上20日线且不过热；连续上榜确认,人气排名明显回落,v1
2026-04-22,2026-04-15,次日已审,快策略候选,优先走弱,priority_failed,下个交易日主盯 未兑现，复盘风险项：短线涨幅偏高；热度可能进入后段,13,600487,亨通光电,重点观察,下个交易日主盯,98.05,2026-04-22,0.0,common_index_cache,6,-0.12,1.51,5.69,6.87,5.69,8.51,2.43,13.24,post_close,2026-04-22 15:00:00,人气Top20；当日涨停附近；收在日内高位；温和放量；近5日强势延续；站上20日线且不过热；持续霸榜；人气排名明显上升,短线涨幅偏高；热度可能进入后段,v1
2026-04-22,2026-04-15,次日已审,快策略候选,优先走弱,priority_failed,下个交易日主盯 未兑现，复盘风险项：短线涨幅偏高,19,600522,中天科技,重点观察,下个交易日主盯,95.35,2026-04-22,0.0,common_index_cache,6,-4.88,-2.35,-2.15,0.63,-2.15,2.76,-1.55,4.91,post_close,2026-04-22 15:00:00,人气Top20；当日强涨；收在日内高位；温和放量；近5日强势延续；站上20日线且不过热；连续上榜确认,短线涨幅偏高,v1
2026-04-22,2026-04-15,次日已审,快策略候选,优先走弱,priority_failed,下个交易日主盯 未兑现，复盘风险项：热度可能进入后段,2,601138,工业富联,强推观察,下个交易日主盯,90.1,2026-04-22,0.0,common_index_cache,6,-5.99,0.13,1.54,3.3,1.54,0.54,-0.94,3.3,post_close,2026-04-22 15:00:00,人气Top3；当日强涨；收盘承接较强；温和放量；近5日趋势升温；站上20日线且不过热；持续霸榜；人气排名明显上升,热度可能进入后段,v1
2026-04-22,2026-04-15,次日已审,快策略候选,优先走弱,priority_failed,下个交易日主盯 未兑现，复盘风险项：-,12,600703,三安光电,重点观察,下个交易日主盯,88.7,2026-04-22,0.0,common_index_cache,6,-8.5,6.43,3.82,7.5,3.82,-1.41,-6.69,7.5,post_close,2026-04-22 15:00:00,人气Top20；当日涨停附近；收在日内高位；近5日趋势升温；站上20日线且不过热；连续上榜确认；人气排名明显上升,-,v1
2026-04-22,2026-04-15,次日已审,快策略候选,优先走弱,priority_failed,下个交易日主盯 未兑现，复盘风险项：-,32,002418,康盛股份,强推观察,下个交易日主盯,87.4,2026-04-22,0.0,common_index_cache,6,-16.32,2.52,-3.41,5.64,-3.41,-11.13,-13.06,5.64,post_close,2026-04-22 15:00:00,人气Top50；当日涨停附近；收在日内高位；温和放量；近5日趋势升温；站上20日线且不过热；连续上榜确认；人气排名明显上升,-,v1
2026-04-22,2026-04-15,次日已审,快策略候选,优先走弱,priority_failed,下个交易日主盯 未兑现，复盘风险项：短线涨幅偏高；偏离20日线较大,60,688048,长光华芯,不推送,下个交易日主盯,85.75,2026-04-22,0.0,common_index_cache,6,-5.6,2.95,-1.58,3.33,-1.58,3.24,-5.82,9.95,post_close,2026-04-22 15:00:00,当日涨停附近；收在日内高位；温和放量；近5日强势延续,短线涨幅偏高；偏离20日线较大,v1
2026-04-22,2026-04-15,次日已审,快策略候选,优先走弱,priority_failed,下个交易日主盯 未兑现，复盘风险项：-,91,300476,胜宏科技,普通观察,下个交易日主盯,85.0,2026-04-22,0.0,common_index_cache,6,-4.17,0.97,-3.16,1.52,-3.16,-7.4,-2.6,1.52,post_close,2026-04-22 15:00:00,当日上涨；收盘承接较强；温和放量；近5日趋势升温；站上20日线且不过热；连续上榜确认,-,v1
2026-04-22,2026-04-15,次日已审,快策略候选,优先走弱,priority_failed,下个交易日主盯 未兑现，复盘风险项：-,82,300394,天孚通信,普通观察,下个交易日主盯,85.0,2026-04-22,0.0,common_index_cache,6,-18.09,0.05,-6.74,0.69,-6.74,-14.16,-17.13,0.69,post_close,2026-04-22 15:00:00,当日上涨；收盘承接较强；温和放量；近5日趋势升温；站上20日线且不过热；连续上榜确认,-,v1
2026-04-22,2026-04-15,次日已审,快策略候选,暂未强势,neutral,继续等待更多交易日或降低权重。,94,600206,有研新材,不推送,下个交易日主盯,86.2,2026-04-22,0.0,common_index_cache,6,2.13,0.07,-3.17,2.76,-3.17,-0.37,0.11,3.54,post_close,2026-04-22 15:00:00,当日强涨；收盘承接较强；温和放量；近5日趋势升温；站上20日线且不过热,人气排名明显回落,v1
2026-04-22,2026-04-15,次日已审,快策略候选,暂未强势,neutral,继续等待更多交易日或降低权重。,3,002384,东山精密,重点观察,下个交易日主盯,86.05,2026-04-22,0.0,common_index_cache,6,0.21,3.04,0.17,4.11,0.17,0.19,-1.12,5.18,post_close,2026-04-22 15:00:00,人气Top3；当日涨停附近；收在日内高位；温和放量；近5日强势延续；持续霸榜,短线涨幅偏高；偏离20日线较大；热度可能进入后段,v1
2026-04-22,2026-04-15,次日已审,快策略候选,优先成功,priority_success,优先观察 后续最高表现达到 33.47%，保留这类命中特征。,68,603629,利通电子,不推送,优先观察,83.7,2026-04-22,0.0,common_index_cache,6,33.47,-0.18,7.65,10.0,7.65,0.28,21.34,21.34,post_close,2026-04-22 15:00:00,当日上涨；收盘承接较强；温和放量；近5日趋势升温；持续霸榜,偏离20日线较大；热度可能进入后段,v1
2026-04-22,2026-04-15,次日已审,快策略候选,优先成功,priority_success,优先观察 后续最高表现达到 16.38%，保留这类命中特征。,5,002281,光迅科技,普通观察,优先观察,77.5,2026-04-22,0.0,common_index_cache,6,16.38,0.71,6.22,8.89,6.22,8.51,7.18,14.11,post_close,2026-04-22 15:00:00,人气Top10；温和放量；近5日趋势升温；站上20日线且不过热；连续上榜确认；人气排名明显上升,-,v1
2026-04-22,2026-04-15,次日已审,快策略候选,优先走弱,priority_failed,优先观察 未兑现，复盘风险项：热度可能进入后段,63,600410,华胜天成,不推送,优先观察,84.6,2026-04-22,0.0,common_index_cache,6,-23.7,-1.04,-4.21,0.73,-4.21,-9.5,-21.65,0.73,post_close,2026-04-22 15:00:00,收盘承接较强；温和放量；近5日趋势升温；站上20日线且不过热；持续霸榜,热度可能进入后段,v1
2026-04-22,2026-04-15,次日已审,快策略候选,优先走弱,priority_failed,优先观察 未兑现，复盘风险项：-,78,300620,光库科技,不推送,优先观察,84.4,2026-04-22,0.0,common_index_cache,6,-13.32,2.07,-10.05,2.83,-10.05,-12.68,-14.3,2.83,post_close,2026-04-22 15:00:00,当日上涨；收盘承接较强；温和放量；近5日趋势升温；站上20日线且不过热,-,v1
2026-04-22,2026-04-15,次日已审,快策略候选,优先走弱,priority_failed,优先观察 未兑现，复盘风险项：-,52,600498,烽火通信,不推送,优先观察,84.4,2026-04-22,0.0,common_index_cache,6,-17.03,-0.46,-2.22,1.94,-2.22,-8.28,-8.46,1.94,post_close,2026-04-22 15:00:00,当日上涨；收盘承接较强；温和放量；近5日趋势升温；站上20日线且不过热,-,v1
2026-04-22,2026-04-15,次日已审,快策略候选,优先走弱,priority_failed,优先观察 未兑现，复盘风险项：热度可能进入后段,18,002463,沪电股份,重点观察,优先观察,84.2,2026-04-22,0.0,common_index_cache,6,-0.68,1.7,3.24,5.8,3.24,1.63,-1.25,5.8,post_close,2026-04-22 15:00:00,人气Top20；当日上涨；收盘承接较强；温和放量；近5日趋势升温；站上20日线且不过热；持续霸榜；人气排名明显上升,热度可能进入后段,v1
2026-04-22,2026-04-15,次日已审,快策略候选,优先走弱,priority_failed,优先观察 未兑现，复盘风险项：-,64,002432,九安医疗,重点观察,优先观察,80.2,2026-04-22,0.0,common_index_cache,6,-16.56,0.64,-2.2,7.78,-2.2,-12.19,-14.68,7.78,post_close,2026-04-22 15:00:00,当日涨停附近；收在日内高位；温和放量；近5日趋势升温；站上20日线且不过热；人气排名明显上升,-,v1
2026-04-22,2026-04-15,次日已审,快策略候选,优先走弱,priority_failed,优先观察 未兑现，复盘风险项：热度可能进入后段,49,000988,华工科技,普通观察,优先观察,79.3,2026-04-22,0.0,common_index_cache,6,-1.17,0.81,-2.73,2.11,-2.73,-1.79,-1.58,2.11,post_close,2026-04-22 15:00:00,人气Top50；当日上涨；收在日内高位；温和放量；近5日趋势升温；站上20日线且不过热；持续霸榜；人气排名明显上升,热度可能进入后段,v1
2026-04-22,2026-04-15,次日已审,快策略候选,优先走弱,priority_failed,优先观察 未兑现，复盘风险项：热度可能进入后段,47,002015,协鑫能科,普通观察,优先观察,79.3,2026-04-22,0.0,common_index_cache,6,-10.67,1.66,4.08,8.71,4.08,-7.85,-5.94,8.71,post_close,2026-04-22 15:00:00,人气Top50；当日上涨；收在日内高位；温和放量；近5日趋势升温；站上20日线且不过热；持续霸榜；人气排名明显上升,热度可能进入后段,v1
2026-04-22,2026-04-15,次日已审,快策略候选,优先走弱,priority_failed,优先观察 未兑现，复盘风险项：-,99,000751,锌业股份,普通观察,优先观察,78.4,2026-04-22,0.0,common_index_cache,6,-3.48,1.11,6.48,8.06,6.48,-1.42,-3.48,8.06,post_close,2026-04-22 15:00:00,当日涨停附近；收在日内高位；温和放量；近5日趋势升温；站上20日线且不过热,-,v1
2026-04-22,2026-04-15,次日已审,快策略候选,优先走弱,priority_failed,优先观察 未兑现，复盘风险项：热度可能进入后段；人气排名明显回落,100,002491,通鼎互联,不推送,优先观察,78.3,2026-04-22,0.0,common_index_cache,6,-8.25,-1.22,-2.26,5.69,-2.26,-2.32,-3.77,5.69,post_close,2026-04-22 15:00:00,温和放量；近5日趋势升温；站上20日线且不过热；持续霸榜,热度可能进入后段；人气排名明显回落,v1
2026-04-22,2026-04-15,次日已审,快策略候选,优先走弱,priority_failed,优先观察 未兑现，复盘风险项：热度可能进入后段；人气排名明显回落,55,001896,豫能控股,不推送,优先观察,78.3,2026-04-22,0.0,common_index_cache,6,-12.91,1.14,2.69,5.49,2.69,-6.34,-3.26,5.49,post_close,2026-04-22 15:00:00,温和放量；近5日趋势升温；站上20日线且不过热；持续霸榜,热度可能进入后段；人气排名明显回落,v1
2026-04-22,2026-04-15,次日已审,快策略候选,优先走弱,priority_failed,优先观察 未兑现，复盘风险项：短线涨幅偏高；偏离20日线较大,57,002938,鹏鼎控股,不推送,优先观察,77.75,2026-04-22,0.0,common_index_cache,6,-5.42,1.64,-1.0,3.26,-1.0,1.31,-4.41,3.26,post_close,2026-04-22 15:00:00,当日涨停附近；收在日内高位；温和放量；近5日强势延续,短线涨幅偏高；偏离20日线较大,v1
2026-04-22,2026-04-15,次日已审,快策略候选,暂未强势,neutral,继续等待更多交易日或降低权重。,58,600118,中国卫星,不推送,优先观察,82.8,2026-04-22,0.0,common_index_cache,6,5.35,-1.31,4.53,7.6,4.53,1.97,0.36,7.6,post_close,2026-04-22 15:00:00,收在日内高位；温和放量；近5日趋势升温；站上20日线且不过热；连续上榜确认,当日转弱；人气排名明显回落,v1
2026-04-22,2026-04-15,次日已审,快策略候选,暂未强势,neutral,继续等待更多交易日或降低权重。,10,000890,法尔胜,重点观察,优先观察,81.1,2026-04-22,0.0,common_index_cache,6,2.76,6.63,9.97,9.97,9.97,8.33,12.86,14.76,post_close,2026-04-22 15:00:00,人气Top10；当日上涨；温和放量；近5日趋势升温；站上20日线且不过热；连续上榜确认；人气排名明显上升,-,v1
2026-04-22,2026-04-15,次日已审,快策略候选,暂未强势,neutral,继续等待更多交易日或降低权重。,70,688820,盛合晶微,不推送,优先观察,79.5,2026-04-22,0.0,common_index_cache,6,8.42,-0.53,-6.74,7.89,-6.74,6.42,-2.63,8.42,post_close,2026-04-22 15:00:00,当日涨停附近；收在日内高位；站上20日线且不过热；连续上榜确认,人气排名明显回落,v1
2026-04-22,,次日已审,低层级强势反哺,普通/不推送走强,low_level_winner,不推送 后来走强，原因反哺：持续霸榜、温和放量、站上20日线且不过热,74,603538,美诺华,不推送,未入快策略,,2026-04-22,0,common_index_cache,6,23.68,0.81,10.0,10.0,10.0,11.68,29.31,29.31,post_close,2026-04-22 15:00:00,温和放量；站上20日线且不过热；持续霸榜,当日转弱；收盘承接偏弱；近5日趋势未确认；热度可能进入后段,v1
2026-04-22,,次日已审,低层级强势反哺,普通/不推送走强,low_level_winner,不推送 后来走强，原因反哺：人气Top50、当日上涨、持续霸榜,42,002297,博云新材,不推送,未入快策略,,2026-04-22,0,common_index_cache,6,20.75,1.23,9.61,10.0,9.61,1.18,14.39,20.06,post_close,2026-04-22 15:00:00,人气Top50；当日上涨；温和放量；近5日强势延续；持续霸榜,短线涨幅偏高；远离20日线过多；热度可能进入后段；人气排名明显回落,v1
2026-04-22,,次日已审,低层级强势反哺,普通/不推送走强,low_level_winner,不推送 后来走强，原因反哺：人气Top20、当日涨停附近、收在日内高位,17,002081,金螳螂,不推送,未入快策略,,2026-04-22,0,common_index_cache,6,19.43,9.92,9.92,9.92,9.92,-10.32,8.5,10.53,post_close,2026-04-22 15:00:00,人气Top20；当日涨停附近；收在日内高位；连续上榜确认,短线涨幅过热；偏离20日线较大；一字或近似一字，参与点差,v1
2026-04-22,,次日已审,低层级强势反哺,普通/不推送走强,low_level_winner,不推送 后来走强，原因反哺：温和放量、站上20日线且不过热、近5日趋势升温,92,002709,天赐材料,不推送,未入快策略,,2026-04-22,0,common_index_cache,6,16.14,-0.6,-5.74,-0.04,-5.74,5.49,13.86,13.86,post_close,2026-04-22 15:00:00,温和放量；近5日趋势升温；站上20日线且不过热；连续上榜确认,当日转弱；收盘承接偏弱；人气排名明显回落,v1
2026-04-22,,次日已审,低层级强势反哺,普通/不推送走强,low_level_winner,不推送 后来走强，原因反哺：当日涨停附近、收在日内高位、温和放量,72,300067,安诺其,不推送,未入快策略,,2026-04-22,0,common_index_cache,6,13.04,19.97,19.97,19.97,19.97,7.59,17.49,27.89,post_close,2026-04-22 15:00:00,当日涨停附近；收在日内高位；温和放量；近5日强势延续,短线涨幅偏高；偏离20日线较大；一字或近似一字，参与点差,v1
2026-04-22,,次日已审,低层级强势反哺,普通/不推送走强,low_level_winner,不推送 后来走强，原因反哺：收盘承接较强、温和放量、近5日强势延续,54,603738,泰晶科技,不推送,未入快策略,,2026-04-22,0,common_index_cache,6,7.88,1.35,4.17,5.72,4.17,9.6,12.11,21.06,post_close,2026-04-22 15:00:00,收盘承接较强；温和放量；近5日强势延续；连续上榜确认,短线涨幅偏高；偏离20日线较大；人气排名明显回落,v1
2026-04-22,,次日已审,低层级强势反哺,普通/不推送走强,low_level_winner,普通观察 后来走强，原因反哺：人气Top50、人气排名明显上升、当日涨停附近,48,600736,苏州高新,普通观察,未入快策略,,2026-04-22,0,common_index_cache,6,7.1,9.99,9.99,9.99,9.99,0.53,10.38,21.02,post_close,2026-04-22 15:00:00,人气Top50；当日涨停附近；收在日内高位；近5日趋势升温；站上20日线且不过热；连续上榜确认；人气排名明显上升,放量过猛,v1
2026-04-22,,次日已审,低层级强势反哺,普通/不推送走强,low_level_winner,不推送 后来走强，原因反哺：人气Top50、持续霸榜、温和放量,40,601778,晶科科技,不推送,未入快策略,,2026-04-22,0,common_index_cache,6,-0.61,5.05,9.94,9.94,9.94,6.12,6.42,20.49,post_close,2026-04-22 15:00:00,人气Top50；温和放量；近5日趋势升温；站上20日线且不过热；持续霸榜,收盘承接偏弱；热度可能进入后段；人气排名明显回落；上影线偏长,v1
2026-04-22,,次日已审,低层级强势反哺,普通/不推送走强,low_level_winner,不推送 后来走强，原因反哺：当日上涨、持续霸榜、收盘承接较强,68,603629,利通电子,不推送,已入快策略,,2026-04-22,0,common_index_cache,6,33.47,-0.18,7.65,10.0,7.65,0.28,21.34,21.34,post_close,2026-04-22 15:00:00,当日上涨；收盘承接较强；温和放量；近5日趋势升温；持续霸榜,偏离20日线较大；热度可能进入后段,v1
2026-04-22,,次日已审,低层级强势反哺,普通/不推送走强,low_level_winner,普通观察 后来走强，原因反哺：人气Top10、人气排名明显上升、温和放量,5,002281,光迅科技,普通观察,已入快策略,,2026-04-22,0,common_index_cache,6,16.38,0.71,6.22,8.89,6.22,8.51,7.18,14.11,post_close,2026-04-22 15:00:00,人气Top10；温和放量；近5日趋势升温；站上20日线且不过热；连续上榜确认；人气排名明显上升,-,v1
2026-04-21,2026-04-14,次日已审,快策略候选,优先成功,priority_success,下个交易日主盯 后续最高表现达到 24.03%，保留这类命中特征。,28,603738,泰晶科技,普通观察,下个交易日主盯,94.3,2026-04-21,0.0,common_index_cache,7,10.53,0.95,2.45,4.7,2.45,14.83,4.41,24.03,post_close,2026-04-21 15:00:00,人气Top50；当日涨停附近；收在日内高位；温和放量；近5日趋势升温；人气排名明显上升,偏离20日线较大,v1
2026-04-21,2026-04-14,次日已审,快策略候选,优先成功,priority_success,下个交易日主盯 后续最高表现达到 19.81%，保留这类命中特征。,64,000890,法尔胜,普通观察,下个交易日主盯,89.8,2026-04-21,0.0,common_index_cache,7,7.33,1.1,4.46,8.98,4.46,11.31,8.98,19.81,post_close,2026-04-21 15:00:00,当日强涨；收盘承接较强；温和放量；近5日趋势升温；站上20日线且不过热；连续上榜确认,人气排名明显回落,v1
2026-04-21,2026-04-14,次日已审,快策略候选,优先走弱,priority_failed,下个交易日主盯 未兑现，复盘风险项：偏离20日线较大；热度可能进入后段,3,002342,巨力索具,强推观察,下个交易日主盯,106.0,2026-04-21,0.0,common_index_cache,7,-7.52,-5.14,-5.93,-0.51,-5.93,-11.06,-13.73,-0.51,post_close,2026-04-21 15:00:00,人气Top3；当日涨停附近；收在日内高位；温和放量；近5日趋势升温；持续霸榜；人气排名明显上升,偏离20日线较大；热度可能进入后段,v1
2026-04-21,2026-04-14,次日已审,快策略候选,优先走弱,priority_failed,下个交易日主盯 未兑现，复盘风险项：热度可能进入后段,26,603601,再升科技,普通观察,下个交易日主盯,94.3,2026-04-21,0.0,common_index_cache,7,-2.52,-4.92,-2.71,2.4,-2.71,-12.79,-6.15,2.4,post_close,2026-04-21 15:00:00,人气Top50；当日上涨；收在日内高位；温和放量；近5日趋势升温；站上20日线且不过热；持续霸榜；人气排名明显上升,热度可能进入后段,v1
2026-04-21,2026-04-14,次日已审,快策略候选,优先走弱,priority_failed,下个交易日主盯 未兑现，复盘风险项：短线涨幅偏高,94,300342,天银机电,普通观察,下个交易日主盯,91.15,2026-04-21,0.0,common_index_cache,7,-0.54,-4.12,-3.61,-1.3,-3.61,3.22,-1.21,9.93,post_close,2026-04-21 15:00:00,当日强涨；收在日内高位；温和放量；近5日强势延续；站上20日线且不过热；连续上榜确认,短线涨幅偏高,v1
2026-04-21,2026-04-14,次日已审,快策略候选,优先走弱,priority_failed,下个交易日主盯 未兑现，复盘风险项：-,36,603687,大胜达,普通观察,下个交易日主盯,89.8,2026-04-21,0.0,common_index_cache,7,-12.12,-2.81,-4.91,-1.84,-4.91,-14.58,-22.66,2.3,post_close,2026-04-21 15:00:00,人气Top50；收盘承接较强；温和放量；近5日趋势升温；站上20日线且不过热；连续上榜确认；人气排名明显上升,-,v1
2026-04-21,2026-04-14,次日已审,快策略候选,暂未强势,neutral,继续等待更多交易日或降低权重。,2,600118,中国卫星,强推观察,下个交易日主盯,105.5,2026-04-21,0.0,common_index_cache,7,2.59,-6.28,-2.61,-2.2,-2.61,-3.89,-3.2,4.79,post_close,2026-04-21 15:00:00,人气Top3；当日上涨；收在日内高位；放量仍可控；近5日趋势升温；站上20日线且不过热；连续上榜确认,-,v1
2026-04-21,2026-04-14,次日已审,快策略候选,优先成功,priority_success,优先观察 后续最高表现达到 17.21%，保留这类命中特征。,39,000539,粤电力A,重点观察,优先观察,82.0,2026-04-21,0.0,common_index_cache,7,2.19,6.26,2.5,7.98,2.5,2.66,13.77,17.21,post_close,2026-04-21 15:00:00,人气Top50；当日涨停附近；收在日内高位；温和放量；近5日趋势升温；站上20日线且不过热,-,v1
2026-04-21,2026-04-14,次日已审,快策略候选,优先走弱,priority_failed,优先观察 未兑现，复盘风险项：-,41,600032,浙江新能,重点观察,优先观察,82.0,2026-04-21,0.0,common_index_cache,7,-9.12,0.92,4.51,8.38,4.51,-0.09,-3.22,14.18,post_close,2026-04-21 15:00:00,人气Top50；当日涨停附近；收在日内高位；温和放量；近5日趋势升温；站上20日线且不过热,-,v1
2026-04-21,2026-04-14,次日已审,快策略候选,暂未强势,neutral,继续等待更多交易日或降低权重。,13,002709,天赐材料,普通观察,优先观察,81.4,2026-04-21,0.0,common_index_cache,7,14.62,0.0,-1.31,2.29,-1.31,-0.09,2.16,7.41,post_close,2026-04-21 15:00:00,人气Top20；当日上涨；收盘承接较强；温和放量；近5日趋势升温；站上20日线且不过热；人气排名明显上升,-,v1
2026-04-21,2026-04-14,次日已审,快策略候选,暂未强势,neutral,继续等待更多交易日或降低权重。,89,000980,众泰汽车,普通观察,优先观察,81.4,2026-04-21,0.0,common_index_cache,7,5.88,0.84,0.42,7.14,0.42,-11.76,-12.61,7.14,post_close,2026-04-21 15:00:00,当日涨停附近；收在日内高位；温和放量；近5日趋势升温；站上20日线且不过热,-,v1
2026-04-21,2026-04-14,次日已审,快策略候选,暂未强势,neutral,继续等待更多交易日或降低权重。,23,600522,中天科技,普通观察,优先观察,80.9,2026-04-21,0.0,common_index_cache,7,2.1,0.31,7.34,7.4,7.34,2.37,7.89,12.61,post_close,2026-04-21 15:00:00,人气Top50；当日上涨；收盘承接较强；放量仍可控；近5日趋势升温；站上20日线且不过热；连续上榜确认,-,v1
2026-04-21,2026-04-14,次日已审,快策略候选,暂未强势,neutral,继续等待更多交易日或降低权重。,86,002812,恩捷股份,普通观察,优先观察,76.9,2026-04-21,0.0,common_index_cache,7,9.38,-1.0,-1.45,2.56,-1.45,1.77,3.52,10.76,post_close,2026-04-21 15:00:00,当日上涨；收在日内高位；温和放量；近5日趋势升温；站上20日线且不过热；人气排名明显上升,-,v1
2026-04-21,2026-04-14,次日已审,快策略候选,暂未强势,neutral,继续等待更多交易日或降低权重。,34,002506,协鑫集成,不推送,备选观察,74.5,2026-04-21,0.0,common_index_cache,7,-13.32,-3.69,-3.48,-2.46,-3.48,-10.66,-10.86,-1.84,post_close,2026-04-21 15:00:00,人气Top50；当日上涨；放量仍可控；近5日趋势升温；站上20日线且不过热；连续上榜确认；人气排名明显上升,上影线偏长,v1
2026-04-21,2026-04-14,次日已审,快策略候选,暂未强势,neutral,继续等待更多交易日或降低权重。,50,603017,中衡设计,重点观察,备选观察,74.0,2026-04-21,0.0,common_index_cache,7,-1.47,0.0,-4.29,0.0,-4.29,-2.37,-11.07,5.31,post_close,2026-04-21 15:00:00,人气Top50；当日涨停附近；收在日内高位；温和放量；近5日趋势升温；站上20日线且不过热,-,v1
2026-04-21,2026-04-14,次日已审,快策略候选,暂未强势,neutral,继续等待更多交易日或降低权重。,7,300750,宁德时代,普通观察,备选观察,73.4,2026-04-21,0.0,common_index_cache,7,-1.06,0.07,-0.98,1.65,-0.98,0.96,-2.95,1.83,post_close,2026-04-21 15:00:00,人气Top10；当日上涨；收盘承接较强；温和放量；站上20日线且不过热；持续霸榜；人气排名明显上升,热度可能进入后段,v1
2026-04-21,2026-04-14,次日已审,快策略候选,暂未强势,neutral,继续等待更多交易日或降低权重。,10,603778,国晟科技,普通观察,备选观察,73.4,2026-04-21,0.0,common_index_cache,7,-8.28,-10.0,-10.0,-6.24,-10.0,-8.52,-12.86,-4.55,post_close,2026-04-21 15:00:00,人气Top10；当日强涨；收盘承接较强；温和放量；站上20日线且不过热；持续霸榜,近5日趋势未确认；热度可能进入后段,v1
2026-04-21,2026-04-14,次日已审,快策略候选,暂未强势,neutral,继续等待更多交易日或降低权重。,11,600103,青山纸业,重点观察,备选观察,72.7,2026-04-21,0.0,common_index_cache,7,-14.23,5.77,5.77,10.0,5.77,-6.73,-12.69,10.0,post_close,2026-04-21 15:00:00,人气Top20；当日涨停附近；收在日内高位；温和放量；近5日趋势升温；连续上榜确认,偏离20日线较大,v1
2026-04-21,2026-04-14,次日已审,快策略候选,暂未强势,neutral,继续等待更多交易日或降低权重。,1,601899,紫金矿业,重点观察,备选观察,72.2,2026-04-21,0.0,common_index_cache,7,-6.62,0.03,-0.36,0.56,-0.36,-3.79,-7.6,0.56,post_close,2026-04-21 15:00:00,人气Top3；收在日内高位；温和放量；站上20日线且不过热；持续霸榜；人气排名明显上升,热度可能进入后段,v1
2026-04-21,2026-04-14,次日已审,快策略候选,暂未强势,neutral,继续等待更多交易日或降低权重。,33,002475,立讯精密,不推送,备选观察,72.1,2026-04-21,0.0,common_index_cache,7,1.9,-0.55,3.47,4.47,3.47,0.38,6.28,10.42,post_close,2026-04-21 15:00:00,人气Top50；收在日内高位；温和放量；近5日趋势升温；站上20日线且不过热；持续霸榜,热度可能进入后段；人气排名明显回落,v1
2026-04-21,2026-04-14,次日已审,快策略候选,暂未强势,neutral,继续等待更多交易日或降低权重。,8,002565,顺灏股份,普通观察,备选观察,72.05,2026-04-21,0.0,common_index_cache,7,-14.78,1.97,-1.66,3.0,-1.66,-11.29,-15.55,3.0,post_close,2026-04-21 15:00:00,人气Top10；当日涨停附近；收在日内高位；近5日强势延续；持续霸榜,短线涨幅偏高；偏离20日线较大；热度可能进入后段,v1
2026-04-21,2026-04-14,次日已审,快策略候选,备选走强,backup_success,备选观察 后续最高表现达到 20.96%，保留这类命中特征。,19,002201,九鼎新材,重点观察,备选观察,73.6,2026-04-21,0.0,common_index_cache,7,-3.88,0.0,9.98,9.98,9.98,1.94,3.52,20.96,post_close,2026-04-21 15:00:00,人气Top20；当日涨停附近；收在日内高位；放量仍可控；近5日趋势升温；站上20日线且不过热；首次上榜即强势,-,v1
2026-04-21,2026-04-14,次日已审,快策略候选,备选走强,backup_success,备选观察 后续最高表现达到 31.40%，保留这类命中特征。,12,002081,金螳螂,重点观察,备选观察,72.65,2026-04-21,0.0,common_index_cache,7,31.4,10.02,10.02,10.02,10.02,8.91,8.46,21.6,post_close,2026-04-21 15:00:00,人气Top20；当日涨停附近；收在日内高位；放量仍可控；近5日强势延续；连续上榜确认；人气排名明显上升,短线涨幅偏高；偏离20日线较大,v1
2026-04-21,2026-04-14,次日已审,快策略候选,备选走强,backup_success,备选观察 后续最高表现达到 15.70%，保留这类命中特征。,9,002384,东山精密,重点观察,备选观察,70.9,2026-04-21,0.0,common_index_cache,7,10.23,1.57,10.0,10.0,10.0,10.92,8.56,15.7,post_close,2026-04-21 15:00:00,人气Top10；当日强涨；收盘承接较强；温和放量；近5日趋势升温；持续霸榜；人气排名明显上升,偏离20日线较大；热度可能进入后段,v1
2026-04-21,,次日已审,低层级强势反哺,普通/不推送走强,low_level_winner,不推送 后来走强，原因反哺：持续霸榜、温和放量、近5日强势延续,63,603629,利通电子,不推送,未入快策略,,2026-04-21,0,common_index_cache,7,42.71,0.11,6.93,8.88,6.93,8.13,17.95,17.95,post_close,2026-04-21 15:00:00,温和放量；近5日强势延续；持续霸榜,当日转弱；收盘承接偏弱；短线涨幅偏高；偏离20日线较大；热度可能进入后段,v1
2026-04-21,,次日已审,低层级强势反哺,普通/不推送走强,low_level_winner,不推送 后来走强，原因反哺：人气Top50、站上20日线且不过热,30,688820,盛合晶微,不推送,未入快策略,,2026-04-21,0,common_index_cache,7,34.38,-0.83,23.94,25.53,23.94,22.4,21.33,34.38,post_close,2026-04-21 15:00:00,人气Top50；站上20日线且不过热,收盘承接偏弱,v1
2026-04-21,,次日已审,低层级强势反哺,普通/不推送走强,low_level_winner,不推送 后来走强，原因反哺：收在日内高位、温和放量、站上20日线且不过热,99,600186,莲花控股,不推送,未入快策略,,2026-04-21,0,common_index_cache,7,32.51,-1.11,6.18,8.41,6.18,12.98,21.63,25.46,post_close,2026-04-21 15:00:00,收在日内高位；温和放量；近5日趋势升温；站上20日线且不过热,人气排名明显回落,v1
2026-04-21,,次日已审,低层级强势反哺,普通/不推送走强,low_level_winner,不推送 后来走强，原因反哺：人气Top20、近5日强势延续、连续上榜确认,18,002297,博云新材,不推送,未入快策略,,2026-04-21,0,common_index_cache,7,29.02,0.58,6.85,9.95,6.85,17.43,18.9,18.9,post_close,2026-04-21 15:00:00,人气Top20；近5日强势延续；连续上榜确认,当日转弱；收盘承接偏弱；短线涨幅偏高；远离20日线过多,v1
2026-04-21,,次日已审,低层级强势反哺,普通/不推送走强,low_level_winner,不推送 后来走强，原因反哺：持续霸榜、温和放量、站上20日线且不过热,80,603538,美诺华,不推送,未入快策略,,2026-04-21,0,common_index_cache,7,18.9,-1.96,-3.86,2.8,-3.86,9.61,14.45,17.08,post_close,2026-04-21 15:00:00,温和放量；站上20日线且不过热；持续霸榜,热度可能进入后段；上影线偏长,v1
2026-04-21,,次日已审,低层级强势反哺,普通/不推送走强,low_level_winner,不推送 后来走强，原因反哺：人气Top50、站上20日线且不过热、近5日趋势升温,48,600330,天通股份,不推送,未入快策略,,2026-04-21,0,common_index_cache,7,18.58,-0.3,9.99,9.99,9.99,10.08,12.33,21.09,post_close,2026-04-21 15:00:00,人气Top50；近5日趋势升温；站上20日线且不过热；连续上榜确认,当日转弱；收盘承接偏弱；放量过猛,v1
2026-04-21,,次日已审,低层级强势反哺,普通/不推送走强,low_level_winner,不推送 后来走强，原因反哺：收盘承接较强、温和放量、站上20日线且不过热,72,002281,光迅科技,不推送,未入快策略,,2026-04-21,0,common_index_cache,7,18.47,-0.24,1.79,3.13,1.79,5.67,12.49,16.15,post_close,2026-04-21 15:00:00,收盘承接较强；温和放量；近5日趋势升温；站上20日线且不过热；连续上榜确认,-,v1
2026-04-21,,次日已审,低层级强势反哺,普通/不推送走强,low_level_winner,不推送 后来走强，原因反哺：当日涨停附近、收在日内高位、站上20日线且不过热,65,600736,苏州高新,不推送,未入快策略,,2026-04-21,0,common_index_cache,7,17.77,5.78,9.97,9.97,9.97,22.83,13.01,33.09,post_close,2026-04-21 15:00:00,当日涨停附近；收在日内高位；近5日趋势升温；站上20日线且不过热,-,v1
2026-04-21,,次日已审,低层级强势反哺,普通/不推送走强,low_level_winner,不推送 后来走强，原因反哺：当日涨停附近、收在日内高位、近5日强势延续,55,003018,金富科技,不推送,未入快策略,,2026-04-21,0,common_index_cache,7,12.12,4.53,10.01,10.01,10.01,20.72,16.35,22.76,post_close,2026-04-21 15:00:00,当日涨停附近；收在日内高位；近5日强势延续,短线涨幅偏高；远离20日线过多,v1
2026-04-21,,次日已审,低层级强势反哺,普通/不推送走强,low_level_winner,不推送 后来走强，原因反哺：人气Top50、持续霸榜、收盘承接较强,35,600487,亨通光电,不推送,未入快策略,,2026-04-21,0,common_index_cache,7,9.87,-0.17,10.0,10.0,10.0,16.29,14.2,24.57,post_close,2026-04-21 15:00:00,人气Top50；收盘承接较强；温和放量；近5日趋势升温；站上20日线且不过热；持续霸榜,当日转弱；热度可能进入后段；人气排名明显回落,v1
2026-04-21,,次日已审,低层级强势反哺,普通/不推送走强,low_level_winner,不推送 后来走强，原因反哺：人气Top20、收在日内高位、站上20日线且不过热,14,603618,杭电股份,不推送,未入快策略,,2026-04-21,0,common_index_cache,7,8.9,1.81,10.02,10.02,10.02,17.76,11.98,27.67,post_close,2026-04-21 15:00:00,人气Top20；收在日内高位；近5日趋势升温；站上20日线且不过热,-,v1
2026-04-21,,次日已审,低层级强势反哺,普通/不推送走强,low_level_winner,不推送 后来走强，原因反哺：持续霸榜、温和放量、站上20日线且不过热,51,600105,永鼎股份,不推送,未入快策略,,2026-04-21,0,common_index_cache,7,2.46,0.0,10.0,10.0,10.0,18.41,8.36,23.22,post_close,2026-04-21 15:00:00,温和放量；近5日趋势升温；站上20日线且不过热；持续霸榜,当日转弱；热度可能进入后段,v1
2026-04-21,,次日已审,低层级强势反哺,普通/不推送走强,low_level_winner,不推送 后来走强，原因反哺：人气Top20、持续霸榜、收盘承接较强,20,601778,晶科科技,不推送,未入快策略,,2026-04-21,0,common_index_cache,7,2.36,1.57,2.99,7.87,2.99,12.91,12.13,24.09,post_close,2026-04-21 15:00:00,人气Top20；收盘承接较强；温和放量；近5日趋势升温；站上20日线且不过热；持续霸榜,当日转弱；热度可能进入后段,v1
2026-04-21,,次日已审,低层级强势反哺,普通/不推送走强,low_level_winner,不推送 后来走强，原因反哺：温和放量、站上20日线且不过热、近5日趋势升温,73,002428,云南锗业,不推送,未入快策略,,2026-04-21,0,common_index_cache,7,2.35,0.19,10.0,10.0,10.0,12.75,1.87,20.99,post_close,2026-04-21 15:00:00,温和放量；近5日趋势升温；站上20日线且不过热；连续上榜确认,收盘承接偏弱；人气排名明显回落；上影线偏长,v1
2026-04-21,,次日已审,低层级强势反哺,普通/不推送走强,low_level_winner,不推送 后来走强，原因反哺：温和放量、站上20日线且不过热、近5日趋势升温,57,600703,三安光电,不推送,未入快策略,,2026-04-21,0,common_index_cache,7,0.66,0.07,10.01,10.01,10.01,11.27,3.02,18.26,post_close,2026-04-21 15:00:00,温和放量；近5日趋势升温；站上20日线且不过热；连续上榜确认,当日转弱；收盘承接偏弱,v1
2026-04-21,,次日已审,低层级强势反哺,普通/不推送走强,low_level_winner,不推送 后来走强，原因反哺：人气Top50、人气排名明显上升、当日涨停附近,27,600961,株冶集团,不推送,未入快策略,,2026-04-21,0,common_index_cache,7,-0.9,3.89,9.17,9.99,9.17,13.06,2.47,17.85,post_close,2026-04-21 15:00:00,人气Top50；当日涨停附近；收在日内高位；温和放量；连续上榜确认；人气排名明显上升,短线涨幅过热；偏离20日线较大；一字或近似一字，参与点差,v1
2026-04-21,,次日已审,低层级强势反哺,普通/不推送走强,low_level_winner,不推送 后来走强，原因反哺：人气Top50、温和放量、站上20日线且不过热,45,002418,康盛股份,不推送,未入快策略,,2026-04-21,0,common_index_cache,7,-7.99,-2.61,9.95,9.95,9.95,0.33,-7.18,16.15,post_close,2026-04-21 15:00:00,人气Top50；温和放量；站上20日线且不过热；连续上榜确认,当日转弱；收盘承接偏弱；人气排名明显回落,v1
2026-04-21,,次日已审,低层级强势反哺,普通/不推送走强,low_level_winner,普通观察 后来走强，原因反哺：人气Top50、人气排名明显上升、当日涨停附近,28,603738,泰晶科技,普通观察,已入快策略,,2026-04-21,0,common_index_cache,7,10.53,0.95,2.45,4.7,2.45,14.83,4.41,24.03,post_close,2026-04-21 15:00:00,人气Top50；当日涨停附近；收在日内高位；温和放量；近5日趋势升温；人气排名明显上升,偏离20日线较大,v1
2026-04-21,,次日已审,低层级强势反哺,普通/不推送走强,low_level_winner,普通观察 后来走强，原因反哺：当日强涨、收盘承接较强、温和放量,64,000890,法尔胜,普通观察,已入快策略,,2026-04-21,0,common_index_cache,7,7.33,1.1,4.46,8.98,4.46,11.31,8.98,19.81,post_close,2026-04-21 15:00:00,当日强涨；收盘承接较强；温和放量；近5日趋势升温；站上20日线且不过热；连续上榜确认,人气排名明显回落,v1
2026-04-20,2026-04-13,次日已审,快策略候选,优先成功,priority_success,下个交易日主盯 后续最高表现达到 20.93%，保留这类命中特征。,18,600103,青山纸业,强推观察,下个交易日主盯,106.0,2026-04-20,0.0,common_index_cache,8,-5.71,-0.42,9.94,9.94,9.94,8.67,0.42,20.93,post_close,2026-04-20 15:00:00,人气Top20；当日涨停附近；收在日内高位；温和放量；近5日趋势升温；站上20日线且不过热；连续上榜确认；人气排名明显上升,-,v1
2026-04-20,2026-04-13,次日已审,快策略候选,优先成功,priority_success,下个交易日主盯 后续最高表现达到 16.09%，保留这类命中特征。,2,002361,神剑股份,强推观察,下个交易日主盯,104.2,2026-04-20,0.0,common_index_cache,8,-0.39,4.07,9.99,9.99,9.99,11.44,4.99,16.09,post_close,2026-04-20 15:00:00,人气Top3；当日涨停附近；收在日内高位；温和放量；近5日趋势升温；持续霸榜,偏离20日线较大；热度可能进入后段,v1
2026-04-20,2026-04-13,次日已审,快策略候选,优先成功,priority_success,下个交易日主盯 后续最高表现达到 18.03%，保留这类命中特征。,24,600522,中天科技,重点观察,下个交易日主盯,97.6,2026-04-20,0.0,common_index_cache,8,7.01,0.16,4.81,6.24,4.81,10.08,15.61,18.03,post_close,2026-04-20 15:00:00,人气Top50；当日涨停附近；收在日内高位；温和放量；近5日趋势升温；站上20日线且不过热；连续上榜确认,-,v1
2026-04-20,2026-04-13,次日已审,快策略候选,优先成功,priority_success,下个交易日主盯 后续最高表现达到 22.34%，保留这类命中特征。,6,600487,亨通光电,强推观察,下个交易日主盯,91.3,2026-04-20,0.0,common_index_cache,8,7.9,-2.28,-1.79,-0.8,-1.79,14.17,17.23,22.34,post_close,2026-04-20 15:00:00,人气Top10；当日强涨；收在日内高位；温和放量；近5日趋势升温；站上20日线且不过热；持续霸榜,热度可能进入后段,v1
2026-04-20,2026-04-13,次日已审,快策略候选,优先成功,priority_success,下个交易日主盯 后续最高表现达到 17.35%，保留这类命中特征。,96,300136,信维通信,不推送,下个交易日主盯,86.2,2026-04-20,0.0,common_index_cache,8,17.35,-0.51,-0.98,2.83,-0.98,7.21,13.7,16.97,post_close,2026-04-20 15:00:00,当日上涨；收盘承接较强；温和放量；近5日趋势升温；站上20日线且不过热；连续上榜确认,人气排名明显回落,v1
2026-04-20,2026-04-13,次日已审,快策略候选,优先走弱,priority_failed,下个交易日主盯 未兑现，复盘风险项：-,13,002217,合力泰,强推观察,下个交易日主盯,104.2,2026-04-20,0.0,common_index_cache,8,-2.03,4.07,1.02,7.12,1.02,-6.1,0.34,7.12,post_close,2026-04-20 15:00:00,人气Top20；当日涨停附近；收在日内高位；温和放量；近5日趋势升温；站上20日线且不过热；连续上榜确认,-,v1
2026-04-20,2026-04-13,次日已审,快策略候选,优先走弱,priority_failed,下个交易日主盯 未兑现，复盘风险项：-,26,002837,英维克,重点观察,下个交易日主盯,96.7,2026-04-20,0.0,common_index_cache,8,-21.87,-10.0,-10.0,-10.0,-10.0,-16.85,-20.71,-10.0,post_close,2026-04-20 15:00:00,人气Top50；当日强涨；收在日内高位；温和放量；近5日趋势升温；站上20日线且不过热；连续上榜确认；人气排名明显上升,-,v1
2026-04-20,2026-04-13,次日已审,快策略候选,优先走弱,priority_failed,下个交易日主盯 未兑现，复盘风险项：短线涨幅偏高；热度可能进入后段,4,001896,豫能控股,强推观察,下个交易日主盯,92.65,2026-04-20,0.0,common_index_cache,8,-18.89,-0.05,-8.99,0.32,-8.99,-4.36,-12.77,0.32,post_close,2026-04-20 15:00:00,人气Top10；当日涨停附近；收在日内高位；温和放量；近5日强势延续；站上20日线且不过热；持续霸榜；人气排名明显上升,短线涨幅偏高；热度可能进入后段,v1
2026-04-20,2026-04-13,次日已审,快策略候选,优先走弱,priority_failed,下个交易日主盯 未兑现，复盘风险项：偏离20日线较大；热度可能进入后段,32,002364,中恒电气,不推送,下个交易日主盯,87.1,2026-04-20,0.0,common_index_cache,8,-6.66,-0.07,1.05,4.0,1.05,-0.39,-5.84,4.0,post_close,2026-04-20 15:00:00,人气Top50；当日上涨；收盘承接较强；温和放量；近5日趋势升温；持续霸榜；人气排名明显上升,偏离20日线较大；热度可能进入后段,v1
2026-04-20,2026-04-13,次日已审,快策略候选,优先走弱,priority_failed,下个交易日主盯 未兑现，复盘风险项：-,59,600498,烽火通信,不推送,下个交易日主盯,87.1,2026-04-20,0.0,common_index_cache,8,-11.87,-1.74,0.15,0.83,0.15,3.85,-2.59,8.27,post_close,2026-04-20 15:00:00,当日强涨；温和放量；近5日趋势升温；站上20日线且不过热；连续上榜确认,-,v1
2026-04-20,2026-04-13,次日已审,快策略候选,优先走弱,priority_failed,下个交易日主盯 未兑现，复盘风险项：-,23,000547,航天发展,不推送,下个交易日主盯,85.3,2026-04-20,0.0,common_index_cache,8,-14.5,-0.17,-2.57,1.11,-2.57,-8.8,-11.86,1.11,post_close,2026-04-20 15:00:00,人气Top50；当日上涨；温和放量；近5日趋势升温；站上20日线且不过热；人气排名明显上升,-,v1
2026-04-20,2026-04-13,次日已审,快策略候选,优先走弱,priority_failed,下个交易日主盯 未兑现，复盘风险项：偏离20日线较大；人气排名明显回落,50,600707,彩虹股份,普通观察,下个交易日主盯,85.0,2026-04-20,0.0,common_index_cache,8,-5.6,1.28,-1.4,4.2,-1.4,-0.47,3.62,7.0,post_close,2026-04-20 15:00:00,人气Top50；当日涨停附近；收在日内高位；近5日趋势升温；连续上榜确认,偏离20日线较大；人气排名明显回落,v1
2026-04-20,2026-04-13,次日已审,快策略候选,暂未强势,neutral,继续等待更多交易日或降低权重。,3,002475,立讯精密,强推观察,下个交易日主盯,106.0,2026-04-20,0.0,common_index_cache,8,1.93,-1.32,0.03,0.41,0.03,3.1,9.49,10.45,post_close,2026-04-20 15:00:00,人气Top3；当日涨停附近；收在日内高位；放量仍可控；近5日趋势升温；站上20日线且不过热；持续霸榜；人气排名明显上升,热度可能进入后段,v1
2026-04-20,2026-04-13,次日已审,快策略候选,暂未强势,neutral,继续等待更多交易日或降低权重。,17,002149,西部材料,强推观察,下个交易日主盯,102.85,2026-04-20,0.0,common_index_cache,8,5.36,4.16,1.74,5.76,1.74,6.72,-3.98,11.0,post_close,2026-04-20 15:00:00,人气Top20；当日涨停附近；收在日内高位；温和放量；近5日强势延续；站上20日线且不过热；连续上榜确认；人气排名明显上升,短线涨幅偏高,v1
2026-04-20,2026-04-13,次日已审,快策略候选,暂未强势,neutral,继续等待更多交易日或降低权重。,39,600156,华升股份,重点观察,下个交易日主盯,96.25,2026-04-20,0.0,common_index_cache,8,5.99,10.01,-3.93,10.01,-3.93,-3.43,-9.42,10.01,post_close,2026-04-20 15:00:00,人气Top50；当日涨停附近；收在日内高位；温和放量；近5日强势延续；站上20日线且不过热；连续上榜确认；人气排名明显上升,短线涨幅偏高,v1
2026-04-20,2026-04-13,次日已审,快策略候选,暂未强势,neutral,继续等待更多交易日或降低权重。,11,600118,中国卫星,强推观察,下个交易日主盯,91.3,2026-04-20,0.0,common_index_cache,8,8.76,3.68,6.01,6.43,6.01,7.91,5.27,11.09,post_close,2026-04-20 15:00:00,人气Top20；当日涨停附近；收在日内高位；温和放量；近5日趋势升温；站上20日线且不过热；首次上榜即强势,-,v1
2026-04-20,2026-04-13,次日已审,快策略候选,优先成功,priority_success,优先观察 后续最高表现达到 21.35%，保留这类命中特征。,19,002428,云南锗业,重点观察,优先观察,84.7,2026-04-20,0.0,common_index_cache,8,2.65,0.18,0.29,3.34,0.29,12.73,6.74,21.35,post_close,2026-04-20 15:00:00,人气Top20；当日涨停附近；收在日内高位；温和放量；近5日趋势升温；连续上榜确认,偏离20日线较大,v1
2026-04-20,2026-04-13,次日已审,快策略候选,优先成功,priority_success,优先观察 后续最高表现达到 29.00%，保留这类命中特征。,44,000890,法尔胜,不推送,优先观察,79.1,2026-04-20,0.0,common_index_cache,8,15.57,-3.47,7.68,9.23,7.68,23.69,21.85,29.0,post_close,2026-04-20 15:00:00,人气Top50；当日强涨；收在日内高位；温和放量；人气排名明显上升,-,v1
2026-04-20,2026-04-13,次日已审,快策略候选,优先成功,priority_success,优先观察 后续最高表现达到 17.66%，保留这类命中特征。,45,600703,三安光电,不推送,优先观察,75.0,2026-04-20,0.0,common_index_cache,8,0.15,-0.07,-0.51,3.37,-0.51,13.63,7.91,17.66,post_close,2026-04-20 15:00:00,人气Top50；温和放量；近5日趋势升温；站上20日线且不过热；连续上榜确认,人气排名明显回落；上影线偏长,v1
2026-04-20,2026-04-13,次日已审,快策略候选,优先走弱,priority_failed,优先观察 未兑现，复盘风险项：-,36,600821,金开新能,重点观察,优先观察,81.1,2026-04-20,0.0,common_index_cache,8,-16.93,0.11,-2.88,1.49,-2.88,2.02,-8.73,5.32,post_close,2026-04-20 15:00:00,人气Top50；当日上涨；收在日内高位；温和放量；近5日趋势升温；站上20日线且不过热；连续上榜确认；人气排名明显上升,-,v1
2026-04-20,2026-04-13,次日已审,快策略候选,优先走弱,priority_failed,优先观察 未兑现，复盘风险项：-,33,601698,中国卫通,普通观察,优先观察,79.3,2026-04-20,0.0,common_index_cache,8,-1.9,3.29,2.11,4.76,2.11,2.19,-1.44,5.67,post_close,2026-04-20 15:00:00,人气Top50；当日涨停附近；收在日内高位；放量仍可控；近5日趋势升温；站上20日线且不过热,-,v1
2026-04-20,2026-04-13,次日已审,快策略候选,优先走弱,priority_failed,优先观察 未兑现，复盘风险项：-,22,600879,航天电子,普通观察,优先观察,78.4,2026-04-20,0.0,common_index_cache,8,-6.11,0.04,-0.04,1.8,-0.04,-2.0,-8.38,1.8,post_close,2026-04-20 15:00:00,人气Top50；当日强涨；收在日内高位；放量仍可控；近5日趋势升温；站上20日线且不过热；人气排名明显上升,-,v1
2026-04-20,2026-04-13,次日已审,快策略候选,优先走弱,priority_failed,优先观察 未兑现，复盘风险项：偏离20日线较大,37,002536,飞龙股份,不推送,优先观察,78.2,2026-04-20,0.0,common_index_cache,8,-12.4,-7.23,-6.01,1.56,-6.01,-6.96,-9.52,1.56,post_close,2026-04-20 15:00:00,人气Top50；当日涨停附近；收在日内高位；近5日趋势升温,偏离20日线较大,v1
2026-04-20,2026-04-13,次日已审,快策略候选,优先走弱,priority_failed,优先观察 未兑现，复盘风险项：热度可能进入后段,25,002131,利欧股份,不推送,优先观察,78.2,2026-04-20,0.0,common_index_cache,8,-22.38,-1.56,-3.61,-0.36,-3.61,-5.42,-18.17,-0.36,post_close,2026-04-20 15:00:00,人气Top50；当日上涨；收盘承接较强；温和放量；站上20日线且不过热；持续霸榜；人气排名明显上升,热度可能进入后段,v1
2026-04-20,2026-04-13,次日已审,快策略候选,优先走弱,priority_failed,优先观察 未兑现，复盘风险项：-,15,300476,胜宏科技,普通观察,优先观察,77.5,2026-04-20,0.0,common_index_cache,8,-4.23,-3.79,-3.53,-1.2,-3.53,-3.22,-7.46,1.46,post_close,2026-04-20 15:00:00,人气Top20；当日上涨；温和放量；近5日趋势升温；站上20日线且不过热；连续上榜确认；人气排名明显上升,-,v1
2026-04-20,2026-04-13,次日已审,快策略候选,优先走弱,priority_failed,优先观察 未兑现，复盘风险项：-,99,002413,雷科防务,不推送,优先观察,75.1,2026-04-20,0.0,common_index_cache,8,-6.68,0.14,0.5,1.99,0.5,0.14,-6.11,10.09,post_close,2026-04-20 15:00:00,当日上涨；收在日内高位；温和放量；近5日趋势升温；站上20日线且不过热,-,v1
2026-04-20,2026-04-13,次日已审,快策略候选,暂未强势,neutral,继续等待更多交易日或降低权重。,21,002202,金风科技,普通观察,优先观察,76.6,2026-04-20,0.0,common_index_cache,8,3.61,-0.71,-1.73,0.38,-1.73,-3.35,-0.23,1.47,post_close,2026-04-20 15:00:00,人气Top50；当日上涨；收盘承接较强；温和放量；近5日趋势升温；站上20日线且不过热；持续霸榜；人气排名明显上升,热度可能进入后段,v1
2026-04-20,2026-04-13,次日已审,快策略候选,备选走强,backup_success,备选观察 后续最高表现达到 19.80%，保留这类命中特征。,79,300342,天银机电,不推送,备选观察,74.2,2026-04-20,0.0,common_index_cache,8,8.39,0.84,8.98,9.49,8.98,14.77,13.96,19.8,post_close,2026-04-20 15:00:00,当日涨停附近；温和放量；近5日趋势升温；站上20日线且不过热,-,v1
2026-04-20,2026-04-13,次日已审,快策略候选,备选走强,backup_success,备选观察 后续最高表现达到 16.42%，保留这类命中特征。,88,605222,起帆电缆,不推送,备选观察,73.75,2026-04-20,0.0,common_index_cache,8,16.42,2.75,4.03,7.39,4.03,6.5,7.04,14.85,post_close,2026-04-20 15:00:00,当日涨停附近；收在日内高位；温和放量；近5日强势延续,短线涨幅偏高；偏离20日线较大,v1
2026-04-20,2026-04-13,次日已审,快策略候选,备选走强,backup_success,备选观察 后续最高表现达到 21.03%，保留这类命中特征。,28,603178,圣龙股份,普通观察,备选观察,73.7,2026-04-20,0.0,common_index_cache,8,1.57,-3.39,10.02,10.02,10.02,-0.42,-9.19,21.03,post_close,2026-04-20 15:00:00,人气Top50；当日涨停附近；收在日内高位；近5日趋势升温；站上20日线且不过热；连续上榜确认；人气排名明显上升,放量过猛,v1
2026-04-20,,次日已审,低层级强势反哺,普通/不推送走强,low_level_winner,不推送 后来走强，原因反哺：人气Top50、当日涨停附近、收在日内高位,38,002081,金螳螂,不推送,未入快策略,,2026-04-20,0,common_index_cache,8,44.61,8.09,10.05,10.05,10.05,33.09,8.58,33.82,post_close,2026-04-20 15:00:00,人气Top50；当日涨停附近；收在日内高位；近5日趋势升温；站上20日线且不过热,放量过猛,v1
2026-04-20,,次日已审,低层级强势反哺,普通/不推送走强,low_level_winner,不推送 后来走强，原因反哺：持续霸榜、温和放量,53,603629,利通电子,不推送,未入快策略,,2026-04-20,0,common_index_cache,8,34.61,-3.06,-5.68,-1.19,-5.68,8.58,1.14,10.94,post_close,2026-04-20 15:00:00,温和放量；持续霸榜,短线涨幅过热；远离20日线过多；热度可能进入后段；人气排名明显回落,v1
2026-04-20,,次日已审,低层级强势反哺,普通/不推送走强,low_level_winner,不推送 后来走强，原因反哺：人气排名明显上升、当日上涨、持续霸榜,83,600396,华电辽能,不推送,未入快策略,,2026-04-20,0,common_index_cache,8,34.24,0.14,10.01,10.01,10.01,33.02,36.94,46.14,post_close,2026-04-20 15:00:00,当日上涨；收盘承接较强；温和放量；持续霸榜；人气排名明显上升,热度可能进入后段,v1
2026-04-20,,次日已审,低层级强势反哺,普通/不推送走强,low_level_winner,普通观察 后来走强，原因反哺：人气Top10、当日涨停附近、收在日内高位,5,002297,博云新材,普通观察,未入快策略,,2026-04-20,0,common_index_cache,8,25.9,6.32,-2.42,7.45,-2.42,14.29,5.5,15.36,post_close,2026-04-20 15:00:00,人气Top10；当日涨停附近；收在日内高位；温和放量；连续上榜确认,短线涨幅过热；远离20日线过多,v1
2026-04-20,,次日已审,低层级强势反哺,普通/不推送走强,low_level_winner,不推送 后来走强，原因反哺：人气排名明显上升、持续霸榜、站上20日线且不过热,65,603538,美诺华,不推送,未入快策略,,2026-04-20,0,common_index_cache,8,21.49,-0.25,2.18,5.49,2.18,8.05,9.71,15.54,post_close,2026-04-20 15:00:00,近5日趋势升温；站上20日线且不过热；持续霸榜；人气排名明显上升,当日转弱；收盘承接偏弱；热度可能进入后段,v1
2026-04-20,,次日已审,低层级强势反哺,普通/不推送走强,low_level_winner,普通观察 后来走强，原因反哺：当日上涨、收盘承接较强、温和放量,95,603906,龙蟠科技,普通观察,未入快策略,,2026-04-20,0,common_index_cache,8,21.46,-3.99,-4.72,-2.38,-4.72,11.5,15.38,23.76,post_close,2026-04-20 15:00:00,当日上涨；收盘承接较强；温和放量；近5日趋势升温；站上20日线且不过热；连续上榜确认,-,v1
2026-04-20,,次日已审,低层级强势反哺,普通/不推送走强,low_level_winner,不推送 后来走强，原因反哺：温和放量、站上20日线且不过热、近5日趋势升温,78,002281,光迅科技,不推送,未入快策略,,2026-04-20,0,common_index_cache,8,20.18,-0.87,1.45,2.72,1.45,9.69,12.05,17.83,post_close,2026-04-20 15:00:00,温和放量；近5日趋势升温；站上20日线且不过热；连续上榜确认,收盘承接偏弱；人气排名明显回落；上影线偏长,v1
2026-04-20,,次日已审,低层级强势反哺,普通/不推送走强,low_level_winner,不推送 后来走强，原因反哺：人气Top50、当日涨停附近、收在日内高位,48,603773,沃格光电,不推送,未入快策略,,2026-04-20,0,common_index_cache,8,19.18,3.11,0.55,8.15,0.55,3.97,10.21,13.42,post_close,2026-04-20 15:00:00,人气Top50；当日涨停附近；收在日内高位；近5日强势延续；连续上榜确认,量能不足；短线涨幅偏高；远离20日线过多,v1
2026-04-20,,次日已审,低层级强势反哺,普通/不推送走强,low_level_winner,不推送 后来走强，原因反哺：持续霸榜、温和放量、站上20日线且不过热,63,002384,东山精密,不推送,未入快策略,,2026-04-20,0,common_index_cache,8,18.94,0.12,7.9,9.99,7.9,18.89,18.92,24.84,post_close,2026-04-20 15:00:00,温和放量；近5日趋势升温；站上20日线且不过热；持续霸榜,当日转弱；收盘承接偏弱；热度可能进入后段；人气排名明显回落,v1
2026-04-20,,次日已审,低层级强势反哺,普通/不推送走强,low_level_winner,不推送 后来走强，原因反哺：当日上涨、收在日内高位、站上20日线且不过热,75,600150,中国船舶,不推送,未入快策略,,2026-04-20,0,common_index_cache,8,18.37,0.45,2.95,3.77,2.95,9.41,8.87,11.39,post_close,2026-04-20 15:00:00,当日上涨；收在日内高位；近5日趋势升温；站上20日线且不过热,-,v1
2026-04-20,,次日已审,低层级强势反哺,普通/不推送走强,low_level_winner,不推送 后来走强，原因反哺：人气Top50、当日涨停附近、收在日内高位,35,600330,天通股份,不推送,未入快策略,,2026-04-20,0,common_index_cache,8,16.69,0.0,-1.59,5.48,-1.59,7.11,14.73,19.16,post_close,2026-04-20 15:00:00,人气Top50；当日涨停附近；收在日内高位；近5日趋势升温；连续上榜确认,量能不足；偏离20日线较大；人气排名明显回落；一字或近似一字，参与点差,v1
2026-04-20,,次日已审,低层级强势反哺,普通/不推送走强,low_level_winner,不推送 后来走强，原因反哺：温和放量、站上20日线且不过热、近5日趋势升温,71,002008,大族激光,不推送,未入快策略,,2026-04-20,0,common_index_cache,8,12.94,0.47,4.06,7.42,4.06,16.17,17.37,19.98,post_close,2026-04-20 15:00:00,温和放量；近5日趋势升温；站上20日线且不过热,上影线偏长,v1
2026-04-20,,次日已审,低层级强势反哺,普通/不推送走强,low_level_winner,不推送 后来走强，原因反哺：当日涨停附近、收在日内高位、近5日强势延续,80,600961,株冶集团,不推送,未入快策略,,2026-04-20,0,common_index_cache,8,9.01,10.0,10.0,10.0,10.0,20.0,19.59,29.63,post_close,2026-04-20 15:00:00,当日涨停附近；收在日内高位；近5日强势延续；连续上榜确认,量能不足；短线涨幅偏高；偏离20日线较大；一字或近似一字，参与点差,v1
2026-04-20,,次日已审,低层级强势反哺,普通/不推送走强,low_level_winner,不推送 后来走强，原因反哺：人气Top50、持续霸榜、温和放量,42,600105,永鼎股份,不推送,未入快策略,,2026-04-20,0,common_index_cache,8,1.46,-4.43,-0.98,1.2,-0.98,16.03,16.08,22.01,post_close,2026-04-20 15:00:00,人气Top50；温和放量；近5日趋势升温；持续霸榜,收盘承接偏弱；偏离20日线较大；热度可能进入后段；人气排名明显回落；上影线偏长,v1
2026-04-20,,次日已审,低层级强势反哺,普通/不推送走强,low_level_winner,不推送 后来走强，原因反哺：人气Top10、持续霸榜、温和放量,9,601778,晶科科技,不推送,未入快策略,,2026-04-20,0,common_index_cache,8,-0.15,-1.38,-2.46,-0.92,-2.46,10.45,6.61,21.04,post_close,2026-04-20 15:00:00,人气Top10；温和放量；近5日趋势升温；站上20日线且不过热；持续霸榜,当日转弱；收盘承接偏弱；热度可能进入后段,v1
2026-04-20,,次日已审,低层级强势反哺,普通/不推送走强,low_level_winner,不推送 后来走强，原因反哺：当日上涨、收盘承接较强、温和放量,96,300136,信维通信,不推送,已入快策略,,2026-04-20,0,common_index_cache,8,17.35,-0.51,-0.98,2.83,-0.98,7.21,13.7,16.97,post_close,2026-04-20 15:00:00,当日上涨；收盘承接较强；温和放量；近5日趋势升温；站上20日线且不过热；连续上榜确认,人气排名明显回落,v1
2026-04-20,,次日已审,低层级强势反哺,普通/不推送走强,low_level_winner,不推送 后来走强，原因反哺：当日涨停附近、收在日内高位、温和放量,88,605222,起帆电缆,不推送,已入快策略,,2026-04-20,0,common_index_cache,8,16.42,2.75,4.03,7.39,4.03,6.5,7.04,14.85,post_close,2026-04-20 15:00:00,当日涨停附近；收在日内高位；温和放量；近5日强势延续,短线涨幅偏高；偏离20日线较大,v1
2026-04-20,,次日已审,低层级强势反哺,普通/不推送走强,low_level_winner,不推送 后来走强，原因反哺：人气Top50、人气排名明显上升、当日强涨,44,000890,法尔胜,不推送,已入快策略,,2026-04-20,0,common_index_cache,8,15.57,-3.47,7.68,9.23,7.68,23.69,21.85,29.0,post_close,2026-04-20 15:00:00,人气Top50；当日强涨；收在日内高位；温和放量；人气排名明显上升,-,v1
2026-04-20,,次日已审,低层级强势反哺,普通/不推送走强,low_level_winner,不推送 后来走强，原因反哺：当日涨停附近、温和放量、站上20日线且不过热,79,300342,天银机电,不推送,已入快策略,,2026-04-20,0,common_index_cache,8,8.39,0.84,8.98,9.49,8.98,14.77,13.96,19.8,post_close,2026-04-20 15:00:00,当日涨停附近；温和放量；近5日趋势升温；站上20日线且不过热,-,v1
2026-04-20,,次日已审,低层级强势反哺,普通/不推送走强,low_level_winner,普通观察 后来走强，原因反哺：人气Top50、人气排名明显上升、当日涨停附近,28,603178,圣龙股份,普通观察,已入快策略,,2026-04-20,0,common_index_cache,8,1.57,-3.39,10.02,10.02,10.02,-0.42,-9.19,21.03,post_close,2026-04-20 15:00:00,人气Top50；当日涨停附近；收在日内高位；近5日趋势升温；站上20日线且不过热；连续上榜确认；人气排名明显上升,放量过猛,v1
2026-04-20,,次日已审,低层级强势反哺,普通/不推送走强,low_level_winner,不推送 后来走强，原因反哺：人气Top50、温和放量、站上20日线且不过热,45,600703,三安光电,不推送,已入快策略,,2026-04-20,0,common_index_cache,8,0.15,-0.07,-0.51,3.37,-0.51,13.63,7.91,17.66,post_close,2026-04-20 15:00:00,人气Top50；温和放量；近5日趋势升温；站上20日线且不过热；连续上榜确认,人气排名明显回落；上影线偏长,v1
2026-04-17,2026-04-10,次日已审,快策略候选,优先成功,priority_success,下个交易日主盯 后续最高表现达到 20.39%，保留这类命中特征。,3,600703,三安光电,强推观察,下个交易日主盯,118.0,2026-04-17,0.0,common_index_cache,9,2.47,1.2,2.32,4.35,2.32,11.99,13.27,20.39,post_close,2026-04-17 15:00:00,人气Top3；当日涨停附近；收在日内高位；放量仍可控；近5日趋势升温；站上20日线且不过热；人气排名明显上升,-,v1
2026-04-17,2026-04-10,次日已审,快策略候选,优先成功,priority_success,下个交易日主盯 后续最高表现达到 17.91%，保留这类命中特征。,6,002217,合力泰,强推观察,下个交易日主盯,108.2,2026-04-17,0.0,common_index_cache,9,7.84,8.58,10.07,10.07,10.07,9.33,0.37,17.91,post_close,2026-04-17 15:00:00,人气Top10；当日涨停附近；收在日内高位；放量仍可控；近5日趋势升温；站上20日线且不过热；首次上榜即强势,-,v1
2026-04-17,2026-04-10,次日已审,快策略候选,优先成功,priority_success,下个交易日主盯 后续最高表现达到 21.88%，保留这类命中特征。,50,300136,信维通信,重点观察,下个交易日主盯,108.1,2026-04-17,0.0,common_index_cache,9,21.88,-4.33,3.86,5.46,3.86,6.15,8.53,17.45,post_close,2026-04-17 15:00:00,人气Top50；当日强涨；收在日内高位；温和放量；近5日趋势升温；站上20日线且不过热；人气排名明显上升,-,v1
2026-04-17,2026-04-10,次日已审,快策略候选,优先成功,priority_success,下个交易日主盯 后续最高表现达到 33.48%，保留这类命中特征。,16,002428,云南锗业,强推观察,下个交易日主盯,102.4,2026-04-17,0.0,common_index_cache,9,12.92,3.0,10.0,10.0,10.0,21.35,24.39,33.48,post_close,2026-04-17 15:00:00,人气Top20；当日涨停附近；收在日内高位；温和放量；近5日趋势升温；站上20日线且不过热；人气排名明显上升,-,v1
2026-04-17,2026-04-10,次日已审,快策略候选,优先成功,priority_success,下个交易日主盯 后续最高表现达到 15.02%，保留这类命中特征。,18,002418,康盛股份,强推观察,下个交易日主盯,102.4,2026-04-17,0.0,common_index_cache,9,-8.89,10.02,10.02,10.02,10.02,8.89,-0.65,15.02,post_close,2026-04-17 15:00:00,人气Top20；当日涨停附近；收在日内高位；温和放量；近5日趋势升温；站上20日线且不过热；人气排名明显上升,-,v1
2026-04-17,2026-04-10,次日已审,快策略候选,优先成功,priority_success,下个交易日主盯 后续最高表现达到 17.72%，保留这类命中特征。,27,600707,彩虹股份,重点观察,下个交易日主盯,101.0,2026-04-17,0.0,common_index_cache,9,3.85,6.16,10.01,10.01,10.01,13.74,3.59,17.72,post_close,2026-04-17 15:00:00,人气Top50；当日涨停附近；收在日内高位；温和放量；近5日趋势升温；站上20日线且不过热,-,v1
2026-04-17,2026-04-10,次日已审,快策略候选,优先成功,priority_success,下个交易日主盯 后续最高表现达到 23.50%，保留这类命中特征。,12,002281,光迅科技,强推观察,下个交易日主盯,94.4,2026-04-17,0.0,common_index_cache,9,23.5,4.43,2.76,7.56,2.76,6.11,10.16,16.13,post_close,2026-04-17 15:00:00,人气Top20；当日涨停附近；收在日内高位；温和放量；近5日趋势升温；站上20日线且不过热；人气排名明显上升,-,v1
2026-04-17,2026-04-10,次日已审,快策略候选,优先成功,priority_success,下个交易日主盯 后续最高表现达到 34.90%，保留这类命中特征。,64,603738,泰晶科技,普通观察,下个交易日主盯,93.4,2026-04-17,0.0,common_index_cache,9,27.01,2.49,4.47,7.99,4.47,17.73,31.95,34.9,post_close,2026-04-17 15:00:00,当日涨停附近；收在日内高位；温和放量；近5日趋势升温；站上20日线且不过热,-,v1
2026-04-17,2026-04-10,次日已审,快策略候选,优先成功,priority_success,下个交易日主盯 后续最高表现达到 18.31%，保留这类命中特征。,98,003031,中瓷电子,普通观察,下个交易日主盯,93.4,2026-04-17,0.0,common_index_cache,9,9.82,6.95,5.81,9.35,5.81,11.49,13.61,18.31,post_close,2026-04-17 15:00:00,当日涨停附近；收在日内高位；温和放量；近5日趋势升温；站上20日线且不过热,-,v1
2026-04-17,2026-04-10,次日已审,快策略候选,优先成功,priority_success,下个交易日主盯 后续最高表现达到 17.58%，保留这类命中特征。,79,603052,可川科技,普通观察,下个交易日主盯,93.4,2026-04-17,0.0,common_index_cache,9,-2.29,4.8,10.01,10.01,10.01,9.61,9.26,17.58,post_close,2026-04-17 15:00:00,当日涨停附近；收在日内高位；温和放量；近5日趋势升温；站上20日线且不过热,-,v1
2026-04-17,2026-04-10,次日已审,快策略候选,优先成功,priority_success,下个交易日主盯 后续最高表现达到 21.73%，保留这类命中特征。,37,603083,剑桥科技,普通观察,下个交易日主盯,92.0,2026-04-17,0.0,common_index_cache,9,20.43,9.9,4.82,9.97,4.82,18.51,5.75,21.73,post_close,2026-04-17 15:00:00,人气Top50；当日涨停附近；收在日内高位；近5日趋势升温；人气排名明显上升,偏离20日线较大,v1
2026-04-17,2026-04-10,次日已审,快策略候选,优先成功,priority_success,下个交易日主盯 后续最高表现达到 28.35%，保留这类命中特征。,9,600330,天通股份,普通观察,下个交易日主盯,91.4,2026-04-17,0.0,common_index_cache,9,28.35,9.99,9.99,9.99,9.99,19.05,19.14,26.69,post_close,2026-04-17 15:00:00,人气Top10；当日涨停附近；收在日内高位；近5日趋势升温；站上20日线且不过热；人气排名明显上升,量能不足；一字或近似一字，参与点差,v1
2026-04-17,2026-04-10,次日已审,快策略候选,优先成功,priority_success,下个交易日主盯 后续最高表现达到 20.91%，保留这类命中特征。,34,002384,东山精密,普通观察,下个交易日主盯,88.9,2026-04-17,0.0,common_index_cache,9,15.19,-0.01,-3.15,3.76,-3.15,14.95,15.92,20.91,post_close,2026-04-17 15:00:00,人气Top50；当日强涨；收盘承接较强；温和放量；近5日趋势升温；持续霸榜,偏离20日线较大；热度可能进入后段,v1
2026-04-17,2026-04-10,次日已审,快策略候选,优先成功,priority_success,下个交易日主盯 后续最高表现达到 28.12%，保留这类命中特征。,2,600487,亨通光电,普通观察,下个交易日主盯,86.3,2026-04-17,0.0,common_index_cache,9,18.06,4.85,9.42,9.6,9.42,18.2,24.96,28.12,post_close,2026-04-17 15:00:00,人气Top3；当日上涨；收盘承接较强；温和放量；站上20日线且不过热；持续霸榜；人气排名明显上升,近5日趋势未确认；热度可能进入后段,v1
2026-04-17,2026-04-10,次日已审,快策略候选,优先成功,priority_success,下个交易日主盯 后续最高表现达到 21.51%，保留这类命中特征。,15,002565,顺灏股份,重点观察,下个交易日主盯,85.0,2026-04-17,0.0,common_index_cache,9,0.53,0.16,7.24,8.67,7.24,16.01,4.65,21.51,post_close,2026-04-17 15:00:00,人气Top20；当日上涨；收盘承接较强；温和放量；近5日趋势升温；站上20日线且不过热；连续上榜确认；人气排名明显上升,-,v1
2026-04-17,2026-04-10,次日已审,快策略候选,优先走弱,priority_failed,下个交易日主盯 未兑现，复盘风险项：短线涨幅偏高,48,002940,昂利康,普通观察,下个交易日主盯,95.15,2026-04-17,0.0,common_index_cache,9,-15.53,7.51,1.63,10.01,1.63,1.58,1.89,10.01,post_close,2026-04-17 15:00:00,人气Top50；当日涨停附近；收在日内高位；放量仍可控；近5日强势延续；站上20日线且不过热,短线涨幅偏高,v1
2026-04-17,2026-04-10,次日已审,快策略候选,优先走弱,priority_failed,下个交易日主盯 未兑现，复盘风险项：-,62,002866,传艺科技,普通观察,下个交易日主盯,93.4,2026-04-17,0.0,common_index_cache,9,-2.01,1.52,0.91,5.38,0.91,3.45,-1.33,10.69,post_close,2026-04-17 15:00:00,当日涨停附近；收在日内高位；温和放量；近5日趋势升温；站上20日线且不过热,-,v1
2026-04-17,2026-04-10,次日已审,快策略候选,优先走弱,priority_failed,下个交易日主盯 未兑现，复盘风险项：-,54,603118,共进股份,普通观察,下个交易日主盯,93.4,2026-04-17,0.0,common_index_cache,9,-3.56,-0.99,-2.17,-0.99,-2.17,-0.13,-0.46,2.04,post_close,2026-04-17 15:00:00,当日涨停附近；收在日内高位；温和放量；近5日趋势升温；站上20日线且不过热,-,v1
2026-04-17,2026-04-10,次日已审,快策略候选,优先走弱,priority_failed,下个交易日主盯 未兑现，复盘风险项：热度可能进入后段,8,600666,奥瑞德,普通观察,下个交易日主盯,92.5,2026-04-17,0.0,common_index_cache,9,-26.09,-0.28,0.99,6.77,0.99,-3.81,-15.51,6.77,post_close,2026-04-17 15:00:00,人气Top10；当日上涨；温和放量；近5日趋势升温；站上20日线且不过热；持续霸榜,热度可能进入后段,v1
2026-04-17,2026-04-10,次日已审,快策略候选,优先走弱,priority_failed,下个交易日主盯 未兑现，复盘风险项：偏离20日线较大,42,002957,科瑞技术,普通观察,下个交易日主盯,92.0,2026-04-17,0.0,common_index_cache,9,-5.11,7.61,4.33,7.61,4.33,8.46,1.04,12.14,post_close,2026-04-17 15:00:00,人气Top50；当日涨停附近；收在日内高位；近5日趋势升温；人气排名明显上升,偏离20日线较大,v1
2026-04-17,2026-04-10,次日已审,快策略候选,优先走弱,priority_failed,下个交易日主盯 未兑现，复盘风险项：热度可能进入后段,22,300058,蓝色光标,普通观察,下个交易日主盯,89.8,2026-04-17,0.0,common_index_cache,9,-4.89,-0.39,8.5,14.94,8.5,6.89,-3.33,14.94,post_close,2026-04-17 15:00:00,人气Top50；当日上涨；收盘承接较强；温和放量；近5日趋势升温；站上20日线且不过热；持续霸榜,热度可能进入后段,v1
2026-04-17,2026-04-10,次日已审,快策略候选,暂未强势,neutral,继续等待更多交易日或降低权重。,31,688498,源杰科技,普通观察,下个交易日主盯,106.3,2026-04-17,0.0,common_index_cache,9,8.72,-0.97,-3.97,-0.97,-3.97,1.32,-3.46,3.53,post_close,2026-04-17 15:00:00,人气Top50；当日涨停附近；收盘承接较强；温和放量；近5日趋势升温；站上20日线且不过热,-,v1
2026-04-17,2026-04-10,次日已审,快策略候选,暂未强势,neutral,继续等待更多交易日或降低权重。,33,600152,维科技术,普通观察,下个交易日主盯,95.15,2026-04-17,0.0,common_index_cache,9,6.83,2.95,0.22,10.0,0.22,-9.78,-6.76,10.0,post_close,2026-04-17 15:00:00,人气Top50；当日涨停附近；收在日内高位；温和放量；近5日强势延续；人气排名明显上升,短线涨幅偏高；偏离20日线较大,v1
2026-04-17,2026-04-10,次日已审,快策略候选,暂未强势,neutral,继续等待更多交易日或降低权重。,36,002108,沧州明珠,普通观察,下个交易日主盯,94.7,2026-04-17,0.0,common_index_cache,9,0.72,2.33,4.48,7.71,4.48,9.68,3.94,11.65,post_close,2026-04-17 15:00:00,人气Top50；当日涨停附近；收在日内高位；近5日趋势升温；站上20日线且不过热,-,v1
2026-04-17,2026-04-10,次日已审,快策略候选,暂未强势,neutral,继续等待更多交易日或降低权重。,69,600552,凯盛科技,普通观察,下个交易日主盯,93.4,2026-04-17,0.0,common_index_cache,9,3.46,-0.07,0.07,2.93,0.07,4.53,0.4,6.52,post_close,2026-04-17 15:00:00,当日涨停附近；收在日内高位；温和放量；近5日趋势升温；站上20日线且不过热,-,v1
2026-04-17,2026-04-10,次日已审,快策略候选,暂未强势,neutral,继续等待更多交易日或降低权重。,41,000657,中钨高新,普通观察,下个交易日主盯,89.8,2026-04-17,0.0,common_index_cache,9,3.69,1.85,4.31,8.25,4.31,3.58,-1.67,8.25,post_close,2026-04-17 15:00:00,人气Top50；当日强涨；放量仍可控；近5日趋势升温；站上20日线且不过热；连续上榜确认；人气排名明显上升,-,v1
2026-04-17,2026-04-10,次日已审,快策略候选,优先成功,priority_success,优先观察 后续最高表现达到 21.06%，保留这类命中特征。,55,600156,华升股份,普通观察,优先观察,82.7,2026-04-17,0.0,common_index_cache,9,16.63,0.22,10.04,10.04,10.04,9.18,-1.51,21.06,post_close,2026-04-17 15:00:00,当日涨停附近；收在日内高位；放量仍可控；近5日趋势升温；站上20日线且不过热,-,v1
2026-04-17,2026-04-10,次日已审,快策略候选,优先走弱,priority_failed,优先观察 未兑现，复盘风险项：热度可能进入后段；人气排名明显回落,56,300502,新易盛,普通观察,优先观察,81.4,2026-04-17,0.0,common_index_cache,9,-10.73,0.0,-1.02,1.35,-1.02,5.72,-8.78,6.59,post_close,2026-04-17 15:00:00,当日涨停附近；收在日内高位；温和放量；近5日趋势升温；站上20日线且不过热；持续霸榜,热度可能进入后段；人气排名明显回落,v1
2026-04-17,2026-04-10,次日已审,快策略候选,暂未强势,neutral,继续等待更多交易日或降低权重。,14,300184,力源信息,普通观察,优先观察,83.6,2026-04-17,0.0,common_index_cache,9,5.7,4.35,2.53,6.73,2.53,6.81,8.47,8.55,post_close,2026-04-17 15:00:00,人气Top20；当日上涨；收在日内高位；放量仍可控；近5日趋势升温；站上20日线且不过热,-,v1
2026-04-17,2026-04-10,次日已审,快策略候选,暂未强势,neutral,继续等待更多交易日或降低权重。,51,001330,博纳影业,普通观察,优先观察,82.7,2026-04-17,0.0,common_index_cache,9,0.49,1.7,1.94,5.1,1.94,-0.61,-5.1,11.79,post_close,2026-04-17 15:00:00,当日涨停附近；收在日内高位；放量仍可控；近5日趋势升温；站上20日线且不过热,-,v1
2026-04-17,,次日已审,低层级强势反哺,普通/不推送走强,low_level_winner,不推送 后来走强，原因反哺：持续霸榜、温和放量、近5日趋势升温,95,600396,华电辽能,不推送,未入快策略,,2026-04-17,0,common_index_cache,9,38.94,-1.12,3.5,5.18,3.5,25.21,28.85,51.26,post_close,2026-04-17 15:00:00,温和放量；近5日趋势升温；持续霸榜,当日转弱；收盘承接偏弱；仍在20日线下方；热度可能进入后段；人气排名明显回落,v1
2026-04-17,,次日已审,低层级强势反哺,普通/不推送走强,low_level_winner,不推送 后来走强，原因反哺：人气Top10、人气排名明显上升、当日涨停附近,7,002297,博云新材,不推送,未入快策略,,2026-04-17,0,common_index_cache,9,38.5,5.88,10.01,10.01,10.01,14.7,26.06,26.91,post_close,2026-04-17 15:00:00,人气Top10；当日涨停附近；收在日内高位；连续上榜确认；人气排名明显上升,短线涨幅过热；远离20日线过多,v1
2026-04-17,,次日已审,低层级强势反哺,普通/不推送走强,low_level_winner,普通观察 后来走强，原因反哺：人气Top10、当日涨停附近、持续霸榜,10,603629,利通电子,普通观察,未入快策略,,2026-04-17,0,common_index_cache,9,36.96,2.43,1.75,4.3,1.75,2.62,3.77,12.88,post_close,2026-04-17 15:00:00,人气Top10；当日涨停附近；收在日内高位；温和放量；持续霸榜,短线涨幅过热；远离20日线过多；热度可能进入后段,v1
2026-04-17,,次日已审,低层级强势反哺,普通/不推送走强,low_level_winner,普通观察 后来走强，原因反哺：当日涨停附近、收在日内高位、温和放量,53,603773,沃格光电,普通观察,未入快策略,,2026-04-17,0,common_index_cache,9,31.1,6.99,10.0,10.0,10.0,21.66,10.21,24.76,post_close,2026-04-17 15:00:00,当日涨停附近；收在日内高位；温和放量；近5日趋势升温,偏离20日线较大,v1
2026-04-17,,次日已审,低层级强势反哺,普通/不推送走强,low_level_winner,不推送 后来走强，原因反哺：当日上涨、站上20日线且不过热、近5日趋势升温,80,603906,龙蟠科技,不推送,未入快策略,,2026-04-17,0,common_index_cache,9,27.63,-0.27,5.08,6.5,5.08,10.12,25.28,27.93,post_close,2026-04-17 15:00:00,当日上涨；近5日趋势升温；站上20日线且不过热；连续上榜确认,收盘承接偏弱；上影线偏长,v1
2026-04-17,,次日已审,低层级强势反哺,普通/不推送走强,low_level_winner,不推送 后来走强，原因反哺：温和放量、近5日强势延续、连续上榜确认,70,300390,天华新能,不推送,未入快策略,,2026-04-17,0,common_index_cache,9,25.87,-1.5,-1.34,0.09,-1.34,-3.34,3.66,5.68,post_close,2026-04-17 15:00:00,温和放量；近5日强势延续；连续上榜确认,短线涨幅偏高；偏离20日线较大；人气排名明显回落,v1
2026-04-17,,次日已审,低层级强势反哺,普通/不推送走强,low_level_winner,不推送 后来走强，原因反哺：当日涨停附近、收在日内高位、站上20日线且不过热,66,600961,株冶集团,不推送,未入快策略,,2026-04-17,0,common_index_cache,9,19.92,10.0,10.0,10.0,10.0,32.1,36.8,40.7,post_close,2026-04-17 15:00:00,当日涨停附近；收在日内高位；近5日趋势升温；站上20日线且不过热,量能不足；一字或近似一字，参与点差,v1
2026-04-17,,次日已审,低层级强势反哺,普通/不推送走强,low_level_winner,不推送 后来走强，原因反哺：持续霸榜、温和放量、站上20日线且不过热,81,603538,美诺华,不推送,未入快策略,,2026-04-17,0,common_index_cache,9,18.97,1.6,-2.08,1.92,-2.08,-3.81,9.68,13.14,post_close,2026-04-17 15:00:00,温和放量；近5日趋势升温；站上20日线且不过热；持续霸榜,当日转弱；收盘承接偏弱；热度可能进入后段；人气排名明显回落,v1
2026-04-17,,次日已审,低层级强势反哺,普通/不推送走强,low_level_winner,不推送 后来走强，原因反哺：人气Top50、人气排名明显上升、温和放量,29,600522,中天科技,不推送,未入快策略,,2026-04-17,0,common_index_cache,9,17.7,2.7,9.99,9.99,9.99,23.74,18.02,24.52,post_close,2026-04-17 15:00:00,人气Top50；温和放量；人气排名明显上升,近5日趋势未确认,v1
2026-04-17,,次日已审,低层级强势反哺,普通/不推送走强,low_level_winner,不推送 后来走强，原因反哺：温和放量、站上20日线且不过热、近5日趋势升温,75,002149,西部材料,不推送,未入快策略,,2026-04-17,0,common_index_cache,9,15.89,0.02,10.0,10.0,10.0,16.97,5.66,22.1,post_close,2026-04-17 15:00:00,温和放量；近5日趋势升温；站上20日线且不过热,人气排名明显回落,v1
2026-04-17,,次日已审,低层级强势反哺,普通/不推送走强,low_level_winner,不推送 后来走强，原因反哺：人气Top50、持续霸榜、站上20日线且不过热,45,002475,立讯精密,不推送,未入快策略,,2026-04-17,0,common_index_cache,9,12.13,4.84,10.01,10.01,10.01,13.86,10.46,18.29,post_close,2026-04-17 15:00:00,人气Top50；站上20日线且不过热；持续霸榜,当日转弱；收盘承接偏弱；热度可能进入后段,v1
2026-04-17,,次日已审,低层级强势反哺,普通/不推送走强,low_level_winner,不推送 后来走强，原因反哺：当日涨停附近、收在日内高位、站上20日线且不过热,91,603178,圣龙股份,不推送,未入快策略,,2026-04-17,0,common_index_cache,9,11.71,4.65,9.99,9.99,9.99,21.47,-1.44,33.12,post_close,2026-04-17 15:00:00,当日涨停附近；收在日内高位；近5日趋势升温；站上20日线且不过热,放量过猛,v1
2026-04-17,,次日已审,低层级强势反哺,普通/不推送走强,low_level_winner,不推送 后来走强，原因反哺：人气Top50、持续霸榜、温和放量,24,603778,国晟科技,不推送,未入快策略,,2026-04-17,0,common_index_cache,9,9.69,2.35,10.02,10.02,10.02,7.63,9.4,21.03,post_close,2026-04-17 15:00:00,人气Top50；温和放量；持续霸榜,当日转弱；收盘承接偏弱；近5日趋势未确认；仍在20日线下方；热度可能进入后段；人气排名明显回落,v1
2026-04-17,,次日已审,低层级强势反哺,普通/不推送走强,low_level_winner,不推送 后来走强，原因反哺：人气Top10、持续霸榜、温和放量,4,002361,神剑股份,不推送,未入快策略,,2026-04-17,0,common_index_cache,9,9.6,0.53,10.03,10.03,10.03,26.13,14.45,27.73,post_close,2026-04-17 15:00:00,人气Top10；温和放量；近5日趋势升温；站上20日线且不过热；持续霸榜,当日转弱；收盘承接偏弱；热度可能进入后段,v1
2026-04-17,,次日已审,低层级强势反哺,普通/不推送走强,low_level_winner,不推送 后来走强，原因反哺：人气Top50、当日涨停附近、收在日内高位,44,002980,华盛昌,不推送,未入快策略,,2026-04-17,0,common_index_cache,9,9.33,2.82,6.67,8.81,6.67,11.08,12.54,15.18,post_close,2026-04-17 15:00:00,人气Top50；当日涨停附近；收在日内高位；温和放量；近5日强势延续,短线涨幅偏高；远离20日线过多,v1
2026-04-17,,次日已审,低层级强势反哺,普通/不推送走强,low_level_winner,不推送 后来走强，原因反哺：人气Top50、人气排名明显上升、持续霸榜,47,002560,通达股份,不推送,未入快策略,,2026-04-17,0,common_index_cache,9,5.69,5.55,10.01,10.01,10.01,-0.29,2.67,18.73,post_close,2026-04-17 15:00:00,人气Top50；温和放量；站上20日线且不过热；持续霸榜；人气排名明显上升,当日转弱；收盘承接偏弱；热度可能进入后段,v1
2026-04-17,,次日已审,低层级强势反哺,普通/不推送走强,low_level_winner,不推送 后来走强，原因反哺：人气Top50、温和放量、站上20日线且不过热,39,002491,通鼎互联,不推送,未入快策略,,2026-04-17,0,common_index_cache,9,4.43,7.73,9.98,9.98,9.98,13.81,3.44,20.29,post_close,2026-04-17 15:00:00,人气Top50；温和放量；站上20日线且不过热；连续上榜确认,当日转弱；收盘承接偏弱；人气排名明显回落,v1
2026-04-17,,次日已审,低层级强势反哺,普通/不推送走强,low_level_winner,不推送 后来走强，原因反哺：当日上涨、温和放量、站上20日线且不过热,72,600103,青山纸业,不推送,未入快策略,,2026-04-17,0,common_index_cache,9,3.72,-0.47,10.0,10.0,10.0,27.91,12.79,33.02,post_close,2026-04-17 15:00:00,当日上涨；温和放量；近5日趋势升温；站上20日线且不过热,人气排名明显回落,v1
2026-04-17,,次日已审,低层级强势反哺,普通/不推送走强,low_level_winner,不推送 后来走强，原因反哺：人气Top50、人气排名明显上升、当日上涨,21,600105,永鼎股份,不推送,未入快策略,,2026-04-17,0,common_index_cache,9,2.69,0.02,1.21,6.2,1.21,10.24,18.67,23.49,post_close,2026-04-17 15:00:00,人气Top50；当日上涨；近5日趋势升温；持续霸榜；人气排名明显上升,偏离20日线较大；热度可能进入后段,v1
2026-04-17,,次日已审,低层级强势反哺,普通/不推送走强,low_level_winner,不推送 后来走强，原因反哺：人气Top50、人气排名明显上升、持续霸榜,23,601869,长飞光纤,不推送,未入快策略,,2026-04-17,0,common_index_cache,9,-3.28,2.28,5.22,9.86,5.22,12.6,0.62,15.58,post_close,2026-04-17 15:00:00,人气Top50；站上20日线且不过热；持续霸榜；人气排名明显上升,当日转弱；近5日趋势未确认；热度可能进入后段,v1
2026-04-17,,次日已审,低层级强势反哺,普通/不推送走强,low_level_winner,不推送 后来走强，原因反哺：温和放量、站上20日线且不过热、近5日趋势升温,52,002015,协鑫能科,不推送,未入快策略,,2026-04-17,0,common_index_cache,9,-4.21,0.05,3.4,5.67,3.4,7.23,5.29,16.57,post_close,2026-04-17 15:00:00,温和放量；近5日趋势升温；站上20日线且不过热；连续上榜确认,收盘承接偏弱；上影线偏长,v1
2026-04-17,,次日已审,低层级强势反哺,普通/不推送走强,low_level_winner,不推送 后来走强，原因反哺：站上20日线且不过热,63,600498,烽火通信,不推送,未入快策略,,2026-04-17,0,common_index_cache,9,-5.26,2.7,7.51,9.36,7.51,14.19,6.07,16.4,post_close,2026-04-17 15:00:00,站上20日线且不过热,近5日趋势未确认,v1
2026-04-17,,次日已审,低层级强势反哺,普通/不推送走强,low_level_winner,普通观察 后来走强，原因反哺：人气Top10、人气排名明显上升、当日涨停附近,9,600330,天通股份,普通观察,已入快策略,,2026-04-17,0,common_index_cache,9,28.35,9.99,9.99,9.99,9.99,19.05,19.14,26.69,post_close,2026-04-17 15:00:00,人气Top10；当日涨停附近；收在日内高位；近5日趋势升温；站上20日线且不过热；人气排名明显上升,量能不足；一字或近似一字，参与点差,v1
2026-04-17,,次日已审,低层级强势反哺,普通/不推送走强,low_level_winner,普通观察 后来走强，原因反哺：当日涨停附近、收在日内高位、温和放量,64,603738,泰晶科技,普通观察,已入快策略,,2026-04-17,0,common_index_cache,9,27.01,2.49,4.47,7.99,4.47,17.73,31.95,34.9,post_close,2026-04-17 15:00:00,当日涨停附近；收在日内高位；温和放量；近5日趋势升温；站上20日线且不过热,-,v1
2026-04-17,,次日已审,低层级强势反哺,普通/不推送走强,low_level_winner,普通观察 后来走强，原因反哺：人气Top50、人气排名明显上升、当日涨停附近,37,603083,剑桥科技,普通观察,已入快策略,,2026-04-17,0,common_index_cache,9,20.43,9.9,4.82,9.97,4.82,18.51,5.75,21.73,post_close,2026-04-17 15:00:00,人气Top50；当日涨停附近；收在日内高位；近5日趋势升温；人气排名明显上升,偏离20日线较大,v1
2026-04-17,,次日已审,低层级强势反哺,普通/不推送走强,low_level_winner,普通观察 后来走强，原因反哺：人气Top3、人气排名明显上升、当日上涨,2,600487,亨通光电,普通观察,已入快策略,,2026-04-17,0,common_index_cache,9,18.06,4.85,9.42,9.6,9.42,18.2,24.96,28.12,post_close,2026-04-17 15:00:00,人气Top3；当日上涨；收盘承接较强；温和放量；站上20日线且不过热；持续霸榜；人气排名明显上升,近5日趋势未确认；热度可能进入后段,v1
2026-04-17,,次日已审,低层级强势反哺,普通/不推送走强,low_level_winner,普通观察 后来走强，原因反哺：当日涨停附近、收在日内高位、放量仍可控,55,600156,华升股份,普通观察,已入快策略,,2026-04-17,0,common_index_cache,9,16.63,0.22,10.04,10.04,10.04,9.18,-1.51,21.06,post_close,2026-04-17 15:00:00,当日涨停附近；收在日内高位；放量仍可控；近5日趋势升温；站上20日线且不过热,-,v1
2026-04-17,,次日已审,低层级强势反哺,普通/不推送走强,low_level_winner,普通观察 后来走强，原因反哺：人气Top50、当日强涨、持续霸榜,34,002384,东山精密,普通观察,已入快策略,,2026-04-17,0,common_index_cache,9,15.19,-0.01,-3.15,3.76,-3.15,14.95,15.92,20.91,post_close,2026-04-17 15:00:00,人气Top50；当日强涨；收盘承接较强；温和放量；近5日趋势升温；持续霸榜,偏离20日线较大；热度可能进入后段,v1
2026-04-17,,次日已审,低层级强势反哺,普通/不推送走强,low_level_winner,普通观察 后来走强，原因反哺：当日涨停附近、收在日内高位、温和放量,98,003031,中瓷电子,普通观察,已入快策略,,2026-04-17,0,common_index_cache,9,9.82,6.95,5.81,9.35,5.81,11.49,13.61,18.31,post_close,2026-04-17 15:00:00,当日涨停附近；收在日内高位；温和放量；近5日趋势升温；站上20日线且不过热,-,v1
2026-04-17,,次日已审,低层级强势反哺,普通/不推送走强,low_level_winner,普通观察 后来走强，原因反哺：当日涨停附近、收在日内高位、温和放量,79,603052,可川科技,普通观察,已入快策略,,2026-04-17,0,common_index_cache,9,-2.29,4.8,10.01,10.01,10.01,9.61,9.26,17.58,post_close,2026-04-17 15:00:00,当日涨停附近；收在日内高位；温和放量；近5日趋势升温；站上20日线且不过热,-,v1
