signal_date,code,name,rank,push_level,emotion_score,observed_days,tail_next_open_pct,tail_next_close_pct,tail_next_max_gain_pct,latest_return_pct,best_return_available,return_3d_pct,return_5d_pct,return_10d_pct,max_gain_3d_pct,max_gain_5d_pct,max_gain_10d_pct,reasons,risks,strategy_version
2026-05-07,301666,大普微,92,观察池,24.4,11,-3.55,16.78,17.63,69.61,112.57,21.68,45.97,64.94,34.89,60.15,112.57,当日涨停附近；收盘承接较强；温和放量；连续上榜确认；市场强势且个股相对强势；v4多头排列技术加分；v4筹码集中加分；v4龙虎榜提示关注,短线涨幅过热；远离20日线过多；v4乖离率过大；v4远离短中期均线；v4获利盘结构偏弱；v4主力资金强净流出；v4事件谨慎扣分（异常波动）；涨停封板不可买,v4
2026-05-15,920178,锐翔智能,98,不推送,0.0,8,2.29,30.0,30.0,7.48,95.4,78.18,43.18,,85.3,95.4,,站上20日线且不过热；v4筹码集中加分；v4主力资金强净流入,收盘承接偏弱；后段人气股在偏弱环境里更谨慎；v4长上影承接转弱；v4获利盘结构偏弱,v4
2026-05-06,002342,巨力索具,46,不推送,0.0,15,56.82,74.31,74.31,-8.9,89.13,74.7,61.23,11.98,89.13,89.13,89.13,人气Top50；温和放量；v4筹码集中加分,当日转弱；收盘承接偏弱；近5日趋势未确认；仍在20日线下方；强势市里个股相对走弱；v4跌破短均线；v4获利盘结构偏弱；v4主力资金净流出,v4
2026-05-08,301666,大普微,55,观察池,38.4,10,5.6,-0.72,15.51,45.24,82.02,25.0,34.7,45.24,25.0,37.14,82.02,当日涨停附近；收在日内高位；温和放量；连续上榜确认；人气排名明显上升；市场强势且个股相对强势；v4多头排列技术加分；v4筹码集中加分；v4龙虎榜提示关注,短线涨幅过热；远离20日线过多；v4乖离率过大；v4远离短中期均线；v4获利盘结构偏弱；v4主力资金净流出；v4事件谨慎扣分（异常波动）；涨停封板不可买,v4
2026-05-07,600584,长电科技,84,不推送,33.0,14,-1.56,4.08,5.8,76.7,76.7,13.29,11.38,37.08,16.88,18.89,46.19,温和放量；近5日趋势升温；站上20日线且不过热；连续上榜确认；v4多头排列技术加分；v4筹码集中加分,人气排名明显回落；v4乖离率过大；v4获利盘结构偏弱；v4主力资金净流出；v4拉升但资金未跟随,v4
2026-05-07,601991,大唐发电,7,观察池,113.4,14,9.92,9.92,9.92,52.98,71.43,32.94,42.86,39.88,32.94,60.91,71.43,人气Top10；当日涨停附近；收在日内高位；温和放量；近5日趋势升温；站上20日线且不过热；连续上榜确认；市场强势且个股相对强势；v4多头排列技术加分；v4筹码集中加分；v4主力资金强净流入；v4龙虎榜提示关注,v4乖离率过大；v4远离短中期均线；v4获利盘结构偏弱；涨停封板不可买,v4
2026-05-06,600759,ST洲际,32,不推送,0.0,15,67.46,67.46,67.46,-0.79,67.46,51.19,36.51,16.67,67.46,67.46,67.46,人气Top50；收在日内高位；v4筹码集中加分；v4龙虎榜活跃,当日转弱；量能不足；近5日趋势未确认；仍在20日线下方；强势市里个股相对走弱；v4跌破短均线；v4获利盘结构偏弱；v4主力资金强净流出,v4
2026-05-13,600584,长电科技,16,普通观察,83.4,10,0.52,-5.53,0.52,49.87,65.07,1.46,15.19,49.87,7.78,16.35,65.07,人气Top20；当日上涨；收盘承接较强；温和放量；近5日趋势升温；站上20日线且不过热；连续上榜确认；人气排名明显上升；市场强势且个股相对强势；v4多头排列技术加分；v4筹码集中加分；v4主力资金净流入,v4乖离率过大；v4远离短中期均线；v4获利盘结构偏弱,v4
2026-05-11,301666,大普微,80,不推送,0.0,9,-2.85,4.95,4.97,46.29,62.82,25.91,62.82,,38.13,62.82,,温和放量；连续上榜确认；市场强势且个股相对强势；v4多头排列技术加分；v4筹码集中加分；v4龙虎榜提示关注；v4事件催化加分（签订协议）,当日转弱；收盘承接偏弱；短线涨幅过热；远离20日线过多；人气排名明显回落；v4乖离率过大；v4远离短中期均线；v4长上影承接转弱；v4获利盘结构偏弱；v4主力资金强净流出；v4事件风险扣分（监管）,v4
2026-05-12,600584,长电科技,33,不推送,19.4,11,-3.13,4.07,4.94,55.97,59.65,5.09,10.08,59.65,8.13,12.17,59.65,人气Top50；温和放量；近5日趋势升温；站上20日线且不过热；连续上榜确认；市场强势且个股相对强势；v4多头排列技术加分；v4筹码集中加分,当日转弱；收盘承接偏弱；v4乖离率过大；v4远离短中期均线；v4获利盘结构偏弱；v4主力资金强净流出,v4
2026-05-14,600584,长电科技,24,不推送,10.2,9,1.58,6.89,9.98,58.64,58.64,11.97,23.07,,14.09,31.25,,人气Top50；温和放量；近5日趋势升温；站上20日线且不过热；连续上榜确认；v4筹码集中加分,当日转弱；收盘承接偏弱；弱市先收缩执行；v4趋势未转强且热度偏后；v4获利盘结构偏弱；v4主力资金强净流出,v4
2026-05-08,601991,大唐发电,5,观察池,58.4,13,8.3,9.93,9.93,39.17,55.96,33.03,42.96,24.37,33.03,46.39,55.96,人气Top10；当日涨停附近；收在日内高位；近5日强势延续；连续上榜确认；市场强势且个股相对强势；v4多头排列技术加分；v4筹码集中加分；v4主力资金净流入；v4龙虎榜提示关注,放量过猛；短线涨幅偏高；偏离20日线较大；v4乖离率过大；v4远离短中期均线；v4放量冲高过热；v4获利盘结构偏弱；涨停封板不可买,v4
2026-05-07,600396,华电辽能,10,观察池,87.4,14,3.17,3.67,10.0,54.75,54.75,25.42,38.67,18.58,25.42,51.25,51.25,人气Top10；当日涨停附近；收在日内高位；近5日趋势升温；连续上榜确认；市场强势且个股相对强势；v4多头排列技术加分；v4筹码集中加分；v4主力资金强净流入,偏离20日线较大；v4乖离率过大；v4远离短中期均线；v4获利盘结构偏弱；涨停封板不可买,v4
2026-05-11,600584,长电科技,15,观察池,92.4,12,1.67,-1.06,2.08,54.33,54.33,-2.72,4.48,43.6,3.83,10.98,43.6,人气Top20；当日涨停附近；收在日内高位；温和放量；近5日强势延续；站上20日线且不过热；人气排名明显上升；市场强势且个股相对强势；v4多头排列技术加分；v4筹码集中加分；v4主力资金强净流入,短线涨幅偏高；v4乖离率过大；v4远离短中期均线；v4获利盘结构偏弱；涨停封板不可买,v4
2026-05-08,605111,新洁能,42,不推送,67.4,13,3.32,5.75,6.38,54.31,54.31,14.62,7.79,29.09,14.65,16.98,33.69,人气Top50；当日上涨；收盘承接较强；温和放量；近5日趋势升温；站上20日线且不过热；市场强势且个股相对强势；v4多头排列技术加分；v4筹码集中加分；v4主力资金强净流入,v4乖离率过大；v4远离短中期均线；v4获利盘结构偏弱,v4
2026-05-08,603986,兆易创新,84,不推送,35.4,13,4.8,8.41,10.02,54.25,54.25,9.49,12.6,40.39,10.02,15.19,41.66,温和放量；近5日趋势升温；站上20日线且不过热；连续上榜确认；市场强势且个股相对强势；v4多头排列技术加分；v4沿短均线抬升；v4筹码集中加分,当日转弱；收盘承接偏弱；v4获利盘结构偏弱；v4主力资金强净流出,v4
2026-05-15,600584,长电科技,5,不推送,64.3,8,1.22,2.73,9.12,51.74,51.74,16.63,28.36,,17.81,28.81,,人气Top10；当日上涨；温和放量；近5日趋势升温；站上20日线且不过热；持续霸榜；人气排名明显上升；震荡市里保持相对强势；v4多头排列技术加分；v4沿短均线抬升；v4筹码集中加分；v4主力资金强净流入,收盘承接偏弱；热度可能进入后段；上影线偏长；v4远离短中期均线；v4长上影承接转弱；v4正涨但收盘承接一般；v4获利盘结构偏弱,v4
2026-05-13,603986,兆易创新,74,不推送,60.4,10,0.01,-2.41,2.33,40.87,51.46,9.38,21.72,40.87,12.91,21.72,51.46,当日上涨；收在日内高位；温和放量；近5日趋势升温；站上20日线且不过热；市场强势且个股相对强势；v4多头排列技术加分；v4筹码集中加分,v4短线偏离MA5过多；v4远离短中期均线；v4获利盘结构偏弱；v4主力资金净流出,v4
2026-05-12,002552,宝鼎科技,67,观察池,19.4,11,-0.48,4.03,9.65,51.02,51.02,-3.97,16.17,43.99,9.65,16.17,43.99,当日涨停附近；收在日内高位；市场强势且个股相对强势；v4多头排列技术加分；v4筹码集中加分；v4主力资金强净流入；v4龙虎榜提示关注,短线涨幅过热；远离20日线过多；v4乖离率过大；v4远离短中期均线；v4放量冲高过热；v4获利盘结构偏弱；涨停封板不可买,v4
2026-05-06,603538,美诺华,26,不推送,0.0,15,47.75,32.01,50.73,-0.51,50.73,22.76,19.91,13.53,50.73,50.73,50.73,人气Top50；v4筹码集中加分；v4主力资金净流入,当日转弱；收盘承接偏弱；近5日趋势未确认；仍在20日线下方；强势市里个股相对走弱；v4跌破短均线；v4获利盘结构偏弱,v4
2026-05-06,002580,圣阳股份,16,不推送,0.0,15,21.34,23.44,28.72,-4.95,50.64,41.44,43.62,8.17,49.36,49.36,50.64,人气Top20；v4筹码集中加分；v4主力资金强净流入,当日转弱；收盘承接偏弱；近5日趋势未确认；强势市里个股相对走弱；v4跌破短均线；v4获利盘结构偏弱,v4
2026-05-07,002281,光迅科技,17,普通观察,92.4,14,-2.61,10.0,10.0,23.38,50.22,22.65,24.05,32.27,27.09,29.53,50.22,人气Top20；当日强涨；收在日内高位；温和放量；近5日趋势升温；连续上榜确认；人气排名明显上升；市场强势且个股相对强势；v4多头排列技术加分；v4筹码集中加分；v4主力资金净流入；v4龙虎榜活跃,偏离20日线较大；v4乖离率过大；v4远离短中期均线；v4获利盘结构偏弱,v4
2026-05-08,600396,华电辽能,12,不推送,13.4,13,1.85,9.97,9.97,49.28,49.28,33.12,40.11,17.04,33.12,45.9,45.9,人气Top20；当日上涨；温和放量；近5日趋势升温；连续上榜确认；市场强势且个股相对强势；v4多头排列技术加分；v4筹码集中加分；v4龙虎榜提示关注,收盘承接偏弱；偏离20日线较大；上影线偏长；v4乖离率过大；v4远离短中期均线；v4长上影承接转弱；v4正涨但收盘承接一般；v4获利盘结构偏弱；v4主力资金强净流出；v4拉升但资金未跟随,v4
2026-05-06,600745,*ST闻泰,5,不推送,49.4,15,49.15,49.15,49.15,10.23,49.15,34.63,21.52,-5.94,49.15,49.15,49.15,人气Top10；当日上涨；收在日内高位；温和放量；市场强势且个股相对强势；v4筹码集中加分,近5日趋势未确认；仍在20日线下方；v4获利盘结构偏弱；v4主力资金强净流出,v4
2026-05-18,600584,长电科技,15,不推送,20.3,7,-1.74,4.99,5.32,48.76,48.76,15.4,38.42,,23.07,38.42,,人气Top20；温和放量；站上20日线且不过热；持续霸榜；震荡市里保持相对强势；v4多头排列技术加分；v4沿短均线抬升；v4筹码集中加分,当日转弱；收盘承接偏弱；热度可能进入后段；v4远离短中期均线；v4长上影承接转弱；v4获利盘结构偏弱；v4主力资金强净流出,v4
2026-05-06,002181,粤传媒,8,不推送,47.4,15,24.91,28.48,35.69,2.95,48.66,30.82,22.86,-0.55,35.69,37.27,48.66,人气Top10；温和放量；近5日趋势升温；站上20日线且不过热；市场强势且个股相对强势；v4筹码集中加分；v4主力资金强净流入；v4龙虎榜提示关注,当日转弱；收盘承接偏弱；v4长上影承接转弱；v4获利盘结构偏弱,v4
2026-05-15,002181,粤传媒,65,不推送,0.0,8,43.72,21.62,48.66,2.95,48.66,-0.55,-5.63,,48.66,48.66,,温和放量；v4筹码集中加分；v4主力资金强净流入；v4龙虎榜提示关注,当日转弱；收盘承接偏弱；近5日趋势未确认；仍在20日线下方；震荡市里相对走弱；后段人气股在偏弱环境里更谨慎；v4长上影承接转弱；v4跌破短均线；v4获利盘结构偏弱,v4
2026-05-06,002081,金螳螂,2,不推送,19.4,14,19.18,22.26,22.26,-5.14,47.26,24.14,34.93,6.34,28.08,44.86,47.26,人气Top3；近5日趋势升温；市场强势且个股相对强势；v4多头排列技术加分；v4筹码集中加分；v4主力资金强净流入,当日转弱；收盘承接偏弱；偏离20日线较大；v4乖离率过大；v4远离短中期均线；v4长上影承接转弱；v4获利盘结构偏弱,v4
2026-05-07,603986,兆易创新,71,不推送,19.4,14,-2.62,-4.6,-1.96,47.16,47.16,0.97,1.94,23.39,4.97,6.89,32.82,温和放量；近5日趋势升温；站上20日线且不过热；连续上榜确认；市场强势且个股相对强势；v4多头排列技术加分；v4筹码集中加分,人气排名明显回落；v4乖离率过大；v4远离短中期均线；v4长上影承接转弱；v4获利盘结构偏弱；v4主力资金强净流出；v4拉升但资金未跟随,v4
2026-05-07,002491,通鼎互联,38,观察池,65.4,14,6.71,10.01,10.01,13.1,46.17,33.12,31.26,15.76,33.12,46.17,46.17,人气Top50；当日涨停附近；收在日内高位；近5日趋势升温；站上20日线且不过热；市场强势且个股相对强势；v4多头排列技术加分；v4筹码集中加分；v4主力资金强净流入,量能不足；v4乖离率过大；v4远离短中期均线；v4获利盘结构偏弱；涨停封板不可买,v4
2026-05-13,301666,大普微,10,观察池,51.4,7,-0.95,0.0,9.71,16.19,45.62,29.32,31.06,,29.32,45.62,,人气Top10；当日涨停附近；收在日内高位；人气排名明显上升；市场强势且个股相对强势；v4多头排列技术加分；v4筹码集中加分；v4主力资金净流入；v4龙虎榜提示关注,短线涨幅过热；远离20日线过多；v4乖离率过大；v4远离短中期均线；v4获利盘结构偏弱；涨停封板不可买,v4
2026-05-19,600584,长电科技,14,普通观察,85.95,6,-1.69,8.9,10.0,41.69,45.03,19.85,45.03,,20.28,45.03,,人气Top20；当日上涨；收在日内高位；温和放量；近5日趋势升温；站上20日线且不过热；持续霸榜；震荡市里保持相对强势；震荡市里承接未失控；v4多头排列技术加分；v4筹码集中加分；v4主力资金强净流入,热度可能进入后段；v4乖离率过大；v4远离短中期均线；v4获利盘结构偏弱,v4
2026-05-07,002185,华天科技,100,不推送,69.4,14,-1.72,-1.43,-0.65,44.55,44.55,3.52,2.3,8.97,6.17,6.74,20.37,收在日内高位；温和放量；近5日趋势升温；站上20日线且不过热；连续上榜确认；市场强势且个股相对强势；v4多头排列技术加分；v4筹码集中加分；v4主力资金强净流入,人气排名明显回落；v4乖离率过大；v4获利盘结构偏弱,v4
2026-05-19,301139,*ST元道,90,不推送,0.0,6,-13.22,20.04,20.04,3.51,42.98,25.62,7.02,,42.98,42.98,,收在日内高位；v4筹码集中加分；v4龙虎榜活跃,当日转弱；放量过猛；近5日趋势未确认；仍在20日线下方；震荡市里相对走弱；后段人气股在偏弱环境里更谨慎；v4跌破短均线；v4获利盘结构偏弱；v4主力资金强净流出；v4事件谨慎扣分（异常波动）,v4
2026-05-20,301139,*ST元道,26,不推送,23.4,5,2.27,37.6,42.98,3.51,42.98,4.55,3.51,,42.98,42.98,,人气Top50；收在日内高位；放量仍可控；连续上榜确认；人气排名明显上升；v4筹码集中加分；v4主力资金强净流入；v4龙虎榜活跃,当日转弱；近5日趋势未确认；仍在20日线下方；震荡市里相对走弱；v4跌破短均线；v4获利盘结构偏弱,v4
2026-05-11,603986,兆易创新,59,不推送,73.4,12,0.0,-2.37,0.02,42.28,42.47,-1.44,10.48,42.47,3.35,14.04,42.47,当日强涨；温和放量；近5日趋势升温；站上20日线且不过热；连续上榜确认；人气排名明显上升；市场强势且个股相对强势；v4多头排列技术加分；v4沿短均线抬升；v4筹码集中加分；v4主力资金强净流入,v4乖离率过大；v4远离短中期均线；v4获利盘结构偏弱,v4
2026-05-11,601991,大唐发电,7,观察池,80.4,12,9.69,10.02,10.02,26.6,41.87,18.23,30.21,21.51,33.17,33.33,41.87,人气Top10；当日涨停附近；收在日内高位；近5日强势延续；连续上榜确认；市场强势且个股相对强势；v4多头排列技术加分；v4筹码集中加分；v4主力资金强净流入,短线涨幅偏高；偏离20日线较大；v4乖离率过大；v4远离短中期均线；v4获利盘结构偏弱；涨停封板不可买,v4
2026-05-19,603773,沃格光电,47,不推送,36.3,6,-3.87,9.94,10.0,41.37,41.37,13.11,29.42,,20.94,29.42,,人气Top50；当日上涨；放量仍可控；站上20日线且不过热；连续上榜确认；人气排名明显上升；震荡市里保持相对强势；v4筹码集中加分；v4龙虎榜活跃,近5日趋势未确认；v4趋势未转强且热度偏后；v4获利盘结构偏弱；v4主力资金净流出；v4拉升但资金未跟随；v4事件谨慎扣分（异常波动）,v4
2026-05-18,688808,联讯仪器,46,观察池,83.95,7,-5.2,4.09,6.37,31.4,41.18,13.76,34.83,,24.91,41.18,,人气Top50；当日涨停附近；收在日内高位；温和放量；近5日趋势升温；站上20日线且不过热；震荡市里保持相对强势；震荡市里承接未失控；v4多头排列技术加分；v4筹码集中加分；v4主力资金净流入,v4乖离率过大；v4远离短中期均线；v4获利盘结构偏弱；涨停封板不可买,v4
2026-05-13,002245,蔚蓝锂芯,51,不推送,77.4,10,5.64,8.98,10.07,38.23,40.84,14.08,9.77,38.23,16.44,16.44,40.84,当日强涨；收在日内高位；温和放量；近5日趋势升温；站上20日线且不过热；人气排名明显上升；市场强势且个股相对强势；v4多头排列技术加分；v4筹码集中加分；v4主力资金强净流入,v4乖离率过大；v4远离短中期均线；v4获利盘结构偏弱,v4
2026-05-07,002929,润建股份,86,观察池,52.4,14,10.0,10.0,10.0,9.41,40.73,12.2,22.19,13.67,14.6,35.77,40.73,当日涨停附近；收在日内高位；近5日强势延续；站上20日线且不过热；市场强势且个股相对强势；v4多头排列技术加分；v4筹码集中加分；v4主力资金强净流入；v4龙虎榜提示关注,量能不足；短线涨幅偏高；v4乖离率过大；v4远离短中期均线；v4获利盘结构偏弱；涨停封板不可买,v4
2026-05-13,688146,中船特气,92,观察池,41.4,10,12.24,20.0,20.0,31.8,40.71,15.56,20.39,31.8,28.4,28.4,40.71,当日涨停附近；收在日内高位；温和放量；市场强势且个股相对强势；v4多头排列技术加分；v4筹码集中加分；v4主力资金强净流入；v4龙虎榜提示关注,短线涨幅过热；远离20日线过多；v4乖离率过大；v4远离短中期均线；v4获利盘结构偏弱；涨停封板不可买,v4
2026-05-13,002185,华天科技,84,不推送,79.4,10,0.27,-2.53,1.71,37.73,40.4,0.41,8.54,37.73,2.87,14.7,40.4,收盘承接较强；温和放量；近5日趋势升温；站上20日线且不过热；连续上榜确认；市场强势且个股相对强势；v4多头排列技术加分；v4沿短均线抬升；v4筹码集中加分；v4主力资金净流入,v4获利盘结构偏弱,v4
2026-05-12,002185,华天科技,76,不推送,31.4,11,-2.43,1.39,2.22,39.64,39.64,-0.9,6.03,29.38,3.12,7.0,29.38,温和放量；近5日趋势升温；站上20日线且不过热；连续上榜确认；市场强势且个股相对强势；v4多头排列技术加分；v4沿短均线抬升；v4筹码集中加分,当日转弱；收盘承接偏弱；人气排名明显回落；v4获利盘结构偏弱；v4主力资金强净流出,v4
2026-05-07,002008,大族激光,35,观察池,75.4,14,2.66,8.6,9.37,17.02,39.29,19.83,32.81,27.07,24.43,39.29,39.29,人气Top50；当日涨停附近；收在日内高位；近5日趋势升温；站上20日线且不过热；市场强势且个股相对强势；v4多头排列技术加分；v4筹码集中加分；v4主力资金强净流入；v4龙虎榜提示关注,v4乖离率过大；v4远离短中期均线；v4获利盘结构偏弱；涨停封板不可买,v4
2026-05-06,600118,中国卫星,90,不推送,0.0,15,25.71,24.43,26.36,-4.91,38.58,34.65,29.89,0.15,38.58,38.58,38.58,温和放量；v4筹码集中加分；v4主力资金净流入,当日转弱；近5日趋势未确认；强势市里个股相对走弱；v4长上影承接转弱；v4跌破短均线；v4获利盘结构偏弱,v4
2026-05-15,600578,京能电力,8,观察池,41.95,8,3.14,9.99,9.99,38.37,38.37,6.13,17.26,,20.97,26.96,,人气Top10；当日涨停附近；收在日内高位；近5日强势延续；首次上榜即强势；震荡市里保持相对强势；震荡市里承接未失控；v4多头排列技术加分；v4筹码集中加分；v4龙虎榜提示关注,放量过猛；短线涨幅偏高；偏离20日线较大；v4乖离率过大；v4远离短中期均线；v4放量冲高过热；v4获利盘结构偏弱；v4主力资金强净流出；v4事件谨慎扣分（异常波动）；涨停封板不可买,v4
2026-05-21,300069,金利华电,64,观察池,0.0,4,20.0,20.0,20.0,22.54,38.18,16.34,,,38.18,,,当日涨停附近；收在日内高位；v4多头排列技术加分；v4龙虎榜提示关注,量能不足；短线涨幅过热；远离20日线过多；一字或近似一字，参与点差；弱市先收缩执行；后段人气股在偏弱环境里更谨慎；v4乖离率过大；v4远离短中期均线；一字板不可买,v4
2026-05-12,603629,利通电子,58,不推送,0.0,11,-0.01,10.0,10.0,36.35,38.13,8.27,11.01,34.99,15.6,15.6,38.13,温和放量；近5日趋势升温；持续霸榜；市场强势且个股相对强势；v4筹码集中加分,当日转弱；收盘承接偏弱；偏离20日线较大；热度可能进入后段；人气排名明显回落；v4远离短中期均线；v4长上影承接转弱；v4趋势未转强且热度偏后；v4获利盘结构偏弱；v4主力资金强净流出,v4
2026-05-15,002342,巨力索具,85,不推送,0.0,8,37.83,37.83,37.83,-8.9,37.83,11.98,3.78,,37.83,37.83,,持续霸榜；v4筹码集中加分；v4主力资金净流入,当日转弱；收盘承接偏弱；近5日趋势未确认；仍在20日线下方；热度可能进入后段；人气排名明显回落；震荡市里相对走弱；后段人气股在偏弱环境里更谨慎；v4跌破短均线；v4趋势未转强且热度偏后；v4获利盘结构偏弱,v4
2026-05-18,603773,沃格光电,71,不推送,61.3,7,-15.77,-2.95,1.54,37.2,37.2,11.17,14.19,,17.37,19.5,,当日强涨；收在日内高位；温和放量；站上20日线且不过热；连续上榜确认；震荡市里保持相对强势；震荡市里承接未失控；v4筹码集中加分；v4龙虎榜活跃,近5日趋势未确认；后段人气股在偏弱环境里更谨慎；v4获利盘结构偏弱；v4主力资金强净流出,v4
2026-05-15,603773,沃格光电,63,不推送,50.3,8,-7.4,-7.4,-7.4,37.2,37.2,6.7,9.77,,6.75,17.37,,当日强涨；收在日内高位；温和放量；站上20日线且不过热；人气排名明显上升；震荡市里保持相对强势；震荡市里承接未失控；v4筹码集中加分,后段人气股在偏弱环境里更谨慎；v4获利盘结构偏弱；v4主力资金强净流出；v4事件风险扣分（立案）,v4
2026-05-06,603773,沃格光电,98,不推送,44.4,15,-5.93,-5.87,-3.8,37.2,37.2,9.81,20.88,6.7,9.81,21.95,21.95,当日强涨；收在日内高位；温和放量；近5日强势延续；市场强势且个股相对强势；v4多头排列技术加分；v4筹码集中加分,短线涨幅偏高；偏离20日线较大；v4乖离率过大；v4远离短中期均线；v4获利盘结构偏弱；v4主力资金净流出,v4
2026-05-12,600186,莲花控股,39,不推送,0.0,11,-1.4,7.31,8.61,18.82,37.14,3.5,15.72,32.03,11.41,15.72,37.14,人气Top50；站上20日线且不过热；持续霸榜；v4筹码集中加分,当日转弱；近5日趋势未确认；热度可能进入后段；强势市里个股相对走弱；v4跌破短均线；v4趋势未转强且热度偏后；v4获利盘结构偏弱；v4主力资金强净流出,v4
2026-05-06,603778,国晟科技,60,不推送,0.0,15,30.98,20.51,37.02,-11.95,37.02,12.98,12.28,15.86,37.02,37.02,37.02,v4筹码集中加分,当日转弱；收盘承接偏弱；近5日趋势未确认；仍在20日线下方；强势市里个股相对走弱；v4长上影承接转弱；v4跌破短均线；v4获利盘结构偏弱；v4主力资金净流出,v4
2026-05-11,002185,华天科技,14,普通观察,93.4,12,0.41,-2.1,0.41,36.7,36.7,-3.26,-0.34,15.13,0.95,2.1,15.13,人气Top20；当日强涨；收在日内高位；温和放量；近5日趋势升温；站上20日线且不过热；人气排名明显上升；市场强势且个股相对强势；v4多头排列技术加分；v4筹码集中加分；v4主力资金强净流入,v4乖离率过大；v4远离短中期均线；v4获利盘结构偏弱,v4
2026-05-06,600379,宝光股份,29,不推送,12.4,15,33.44,17.28,33.44,-6.31,36.66,21.09,24.24,-6.96,33.44,33.44,36.66,人气Top50；温和放量；近5日趋势升温；站上20日线且不过热；市场强势且个股相对强势；v4多头排列技术加分；v4筹码集中加分,当日转弱；收盘承接偏弱；v4短线偏离MA5过多；v4远离短中期均线；v4长上影承接转弱；v4获利盘结构偏弱；v4主力资金强净流出,v4
2026-05-08,002281,光迅科技,6,观察池,93.4,13,4.03,10.0,10.0,12.16,36.56,9.55,8.73,19.45,15.54,17.75,36.56,人气Top10；当日涨停附近；收在日内高位；温和放量；近5日强势延续；连续上榜确认；人气排名明显上升；市场强势且个股相对强势；v4多头排列技术加分；v4筹码集中加分；v4主力资金净流入；v4龙虎榜提示关注,短线涨幅偏高；偏离20日线较大；v4乖离率过大；v4远离短中期均线；v4获利盘结构偏弱；v4事件谨慎扣分（异常波动）；涨停封板不可买,v4
2026-05-07,603738,泰晶科技,87,观察池,51.4,14,9.99,9.99,9.99,7.56,36.36,27.0,23.96,10.27,28.66,34.07,36.36,当日涨停附近；收在日内高位；近5日趋势升温；市场强势且个股相对强势；v4多头排列技术加分；v4沿短均线抬升；v4筹码集中加分；v4主力资金强净流入,量能不足；偏离20日线较大；v4乖离率过大；v4远离短中期均线；v4获利盘结构偏弱；涨停封板不可买,v4
2026-05-14,300274,阳光电源,79,不推送,0.0,9,0.72,13.27,15.52,36.33,36.33,16.55,22.48,,19.47,28.12,,温和放量；v4筹码集中加分,当日转弱；收盘承接偏弱；近5日趋势未确认；弱市先收缩执行；后段人气股在偏弱环境里更谨慎；v4跌破短均线；v4获利盘结构偏弱；v4主力资金强净流出,v4
2026-05-13,000021,深科技,93,不推送,67.4,10,0.55,-0.78,4.02,27.07,35.89,6.99,9.36,27.07,6.99,15.54,35.89,当日强涨；收盘承接较强；温和放量；近5日趋势升温；站上20日线且不过热；市场强势且个股相对强势；v4多头排列技术加分；v4筹码集中加分；v4主力资金强净流入,v4乖离率过大；v4远离短中期均线；v4获利盘结构偏弱,v4
2026-05-11,600396,华电辽能,10,观察池,84.4,12,2.34,10.01,10.01,35.75,35.75,21.64,14.69,17.11,32.68,32.68,32.68,人气Top10；当日涨停附近；收在日内高位；温和放量；近5日强势延续；连续上榜确认；市场强势且个股相对强势；v4多头排列技术加分；v4筹码集中加分；v4主力资金强净流入,短线涨幅偏高；远离20日线过多；v4乖离率过大；v4远离短中期均线；v4获利盘结构偏弱；涨停封板不可买,v4
2026-05-07,603629,利通电子,27,不推送,0.0,14,-3.33,5.88,9.67,35.25,35.25,-0.8,7.66,13.48,9.67,13.01,14.67,人气Top50；温和放量；连续上榜确认；市场强势且个股相对强势；v4多头排列技术加分；v4筹码集中加分,当日转弱；收盘承接偏弱；短线涨幅过热；远离20日线过多；人气排名明显回落；v4乖离率过大；v4远离短中期均线；v4长上影承接转弱；v4获利盘结构偏弱；v4主力资金净流出,v4
2026-05-15,688017,绿的谐波,31,观察池,55.95,8,13.88,22.57,25.94,21.85,34.31,22.86,29.83,,26.33,34.31,,人气Top50；当日涨停附近；收盘承接较强；站上20日线且不过热；震荡市里保持相对强势；震荡市里承接未失控；v4筹码集中加分；v4主力资金强净流入,量能不足；v4获利盘结构偏弱；涨停封板不可买,v4
2026-05-19,603986,兆易创新,40,不推送,51.95,6,0.85,10.02,10.02,27.33,33.24,15.89,30.31,,16.95,33.24,,人气Top50；收盘承接较强；温和放量；近5日趋势升温；站上20日线且不过热；连续上榜确认；震荡市里保持相对强势；震荡市里承接未失控；v4多头排列技术加分；v4筹码集中加分,人气排名明显回落；v4乖离率过大；v4远离短中期均线；v4获利盘结构偏弱；v4主力资金净流出,v4
2026-05-22,002185,华天科技,46,重点观察,94.4,3,3.69,9.98,9.98,30.59,33.12,30.59,,,33.12,,,人气Top50；收盘承接较强；温和放量；近5日趋势升温；站上20日线且不过热；持续霸榜；市场强势且个股相对强势；v4多头排列技术加分；v4缩量回踩MA5；v4靠近MA10承接；v4沿短均线抬升,热度可能进入后段,v4
2026-05-19,002421,达实智能,37,观察池,50.95,6,10.05,10.05,10.05,18.04,32.99,12.37,19.85,,21.13,32.99,,人气Top50；当日涨停附近；收在日内高位；近5日强势延续；连续上榜确认；震荡市里保持相对强势；震荡市里承接未失控；v4多头排列技术加分；v4筹码集中加分；v4主力资金强净流入,量能不足；短线涨幅偏高；偏离20日线较大；一字或近似一字，参与点差；v4乖离率过大；v4远离短中期均线；v4获利盘结构偏弱；一字板不可买,v4
2026-05-21,002185,华天科技,41,不推送,20.0,4,1.58,1.58,2.17,32.65,32.65,22.91,,,22.91,,,人气Top50；温和放量；近5日趋势升温；站上20日线且不过热；持续霸榜；v4多头排列技术加分；v4沿短均线抬升；v4筹码集中加分,当日转弱；收盘承接偏弱；热度可能进入后段；人气排名明显回落；弱市先收缩执行；弱市里的长连榜样本优先降权；v4获利盘结构偏弱；v4主力资金强净流出,v4
2026-05-06,000890,法尔胜,48,观察池,45.4,15,25.91,17.74,32.3,-18.75,32.3,3.81,9.81,0.0,32.3,32.3,32.3,人气Top50；当日涨停附近；收在日内高位；市场强势且个股相对强势；v4筹码集中加分；v4主力资金净流入,近5日趋势未确认；仍在20日线下方；v4获利盘结构偏弱；涨停封板不可买,v4
2026-05-06,002361,神剑股份,40,不推送,0.0,15,19.16,21.35,21.91,-11.07,32.3,25.0,16.12,-1.01,32.3,32.3,32.3,人气Top50；v4筹码集中加分,量能不足；近5日趋势未确认；仍在20日线下方；强势市里个股相对走弱；v4获利盘结构偏弱；v4主力资金净流出；v4拉升但资金未跟随,v4
2026-05-07,301308,江波龙,55,不推送,0.0,14,-1.8,-0.69,0.35,14.12,32.1,16.2,23.93,11.52,18.38,32.1,32.1,温和放量；近5日趋势升温；站上20日线且不过热；连续上榜确认；市场强势且个股相对强势；v4多头排列技术加分；v4筹码集中加分,收盘承接偏弱；人气排名明显回落；上影线偏长；v4乖离率过大；v4远离短中期均线；v4长上影承接转弱；v4正涨但收盘承接一般；v4获利盘结构偏弱；v4主力资金强净流出；v4拉升但资金未跟随,v4
2026-05-21,600584,长电科技,6,不推送,0.0,4,0.31,9.04,9.43,28.9,31.94,31.94,,,31.94,,,人气Top10；温和放量；近5日趋势升温；持续霸榜；v4多头排列技术加分；v4筹码集中加分,收盘承接偏弱；偏离20日线较大；热度可能进入后段；上影线偏长；弱市先收缩执行；弱市里的长连榜样本优先降权；v4乖离率过大；v4远离短中期均线；v4长上影承接转弱；v4正涨但收盘承接一般；v4获利盘结构偏弱；v4主力资金强净流出；v4拉升但资金未跟随,v4
2026-05-19,002185,华天科技,29,重点观察,104.95,6,-0.98,3.79,9.67,31.7,31.7,0.85,22.03,,9.67,22.03,,人气Top50；当日上涨；收盘承接较强；温和放量；近5日趋势升温；站上20日线且不过热；连续上榜确认；人气排名明显上升；震荡市里保持相对强势；震荡市里承接未失控；v4多头排列技术加分；v4放量突破但不过热；v4沿短均线抬升；v4筹码集中加分；v4主力资金强净流入,v4短线偏离MA5过多；v4获利盘结构偏弱,v4
2026-05-11,603629,利通电子,34,不推送,33.4,12,0.0,-3.57,4.0,31.48,31.48,4.66,7.22,24.06,9.86,11.47,27.75,人气Top50；温和放量；近5日趋势升温；连续上榜确认；市场强势且个股相对强势；v4多头排列技术加分；v4筹码集中加分,当日转弱；偏离20日线较大；v4远离短中期均线；v4获利盘结构偏弱；v4主力资金强净流出,v4
2026-05-18,002208,合肥城建,13,不推送,31.3,7,17.15,25.22,25.22,-8.28,31.41,16.1,0.7,,31.41,31.41,,人气Top20；温和放量；近5日强势延续；连续上榜确认；人气排名明显上升；震荡市里保持相对强势；v4多头排列技术加分；v4筹码集中加分；v4主力资金强净流入；v4龙虎榜提示关注,当日转弱；收盘承接偏弱；短线涨幅偏高；偏离20日线较大；v4乖离率过大；v4远离短中期均线；v4获利盘结构偏弱,v4
2026-05-11,300433,蓝思科技,72,不推送,41.4,12,-1.85,-1.1,-0.55,30.69,31.41,4.83,25.57,28.23,8.7,31.41,31.41,当日强涨；收盘承接较强；放量仍可控；近5日趋势升温；站上20日线且不过热；市场强势且个股相对强势；v4筹码集中加分；v4主力资金强净流入,v4乖离率过大；v4远离短中期均线；v4放量冲高过热；v4获利盘结构偏弱,v4
2026-05-15,002208,合肥城建,78,不推送,0.0,8,13.86,13.86,13.86,-8.28,31.41,29.01,8.03,,31.41,31.41,,温和放量；近5日强势延续；震荡市里保持相对强势；v4多头排列技术加分；v4筹码集中加分；v4龙虎榜提示关注,当日转弱；收盘承接偏弱；短线涨幅偏高；偏离20日线较大；后段人气股在偏弱环境里更谨慎；v4乖离率过大；v4远离短中期均线；v4获利盘结构偏弱；v4主力资金强净流出,v4
2026-05-21,603005,晶方科技,71,不推送,0.0,4,0.06,8.48,9.92,19.21,31.18,25.0,,,31.18,,,近5日趋势升温；站上20日线且不过热；连续上榜确认；v4多头排列技术加分；v4筹码集中加分,当日转弱；收盘承接偏弱；弱市先收缩执行；后段人气股在偏弱环境里更谨慎；v4短线偏离MA5过多；v4获利盘结构偏弱；v4主力资金强净流出,v4
2026-05-07,002428,云南锗业,66,不推送,35.4,14,-0.54,7.32,10.0,1.85,31.13,26.46,21.2,4.49,26.46,31.13,31.13,当日上涨；收盘承接较强；温和放量；近5日趋势升温；站上20日线且不过热；连续上榜确认；市场强势且个股相对强势；v4筹码集中加分,人气排名明显回落；v4乖离率过大；v4远离短中期均线；v4获利盘结构偏弱；v4主力资金强净流出,v4
2026-05-06,600726,华电能源,63,观察池,47.4,15,-2.17,9.97,9.97,20.95,30.92,12.72,22.4,-7.08,18.64,22.4,30.92,当日涨停附近；收在日内高位；近5日趋势升温；市场强势且个股相对强势；v4多头排列技术加分；v4筹码集中加分,量能不足；偏离20日线较大；v4远离短中期均线；v4获利盘结构偏弱；v4主力资金净流出；涨停封板不可买,v4
2026-05-21,600396,华电辽能,67,不推送,0.0,4,1.12,2.32,3.3,30.5,30.5,18.62,,,23.68,,,站上20日线且不过热；持续霸榜；v4筹码集中加分,当日转弱；收盘承接偏弱；近5日趋势未确认；热度可能进入后段；人气排名明显回落；弱市先收缩执行；后段人气股在偏弱环境里更谨慎；弱市里的长连榜样本优先降权；v4长上影承接转弱；v4跌破短均线；v4趋势未转强且热度偏后；v4获利盘结构偏弱,v4
2026-05-19,002156,通富微电,60,不推送,29.0,6,-0.48,5.81,8.46,21.51,30.41,7.78,28.08,,13.63,30.41,,收在日内高位；温和放量；站上20日线且不过热；持续霸榜；震荡市里承接未失控；v4筹码集中加分,近5日趋势未确认；热度可能进入后段；后段人气股在偏弱环境里更谨慎；v4趋势未转强且热度偏后；v4获利盘结构偏弱；v4主力资金强净流出,v4
2026-05-21,002421,达实智能,13,不推送,0.0,4,-2.53,10.1,10.1,15.66,30.3,17.42,,,30.3,,,人气Top20；近5日强势延续；站上20日线且不过热；连续上榜确认；v4多头排列技术加分；v4筹码集中加分；v4龙虎榜提示关注,当日转弱；收盘承接偏弱；放量过猛；短线涨幅偏高；弱市先收缩执行；v4乖离率过大；v4远离短中期均线；v4长上影承接转弱；v4获利盘结构偏弱；v4主力资金强净流出；v4事件谨慎扣分（风险提示/异常波动）,v4
2026-05-20,002185,华天科技,7,不推送,36.3,5,1.46,-3.68,4.38,27.77,30.25,7.61,27.77,,7.61,30.25,,人气Top10；当日上涨；温和放量；近5日趋势升温；站上20日线且不过热；连续上榜确认；人气排名明显上升；震荡市里保持相对强势；v4多头排列技术加分；v4筹码集中加分,收盘承接偏弱；上影线偏长；v4乖离率过大；v4远离短中期均线；v4长上影承接转弱；v4正涨但收盘承接一般；v4获利盘结构偏弱；v4主力资金净流出；v4拉升但资金未跟随,v4
2026-05-22,600584,长电科技,3,普通观察,84.4,3,1.54,10.0,10.0,18.22,30.21,18.22,,,30.21,,,人气Top3；当日强涨；收在日内高位；温和放量；近5日强势延续；持续霸榜；市场强势且个股相对强势；v4多头排列技术加分；v4龙虎榜活跃,短线涨幅偏高；偏离20日线较大；热度可能进入后段；v4乖离率过大；v4远离短中期均线,v4
2026-05-07,603618,杭电股份,46,观察池,75.4,14,0.82,10.0,10.0,4.68,30.12,18.27,10.53,17.75,19.97,20.58,30.12,人气Top50；当日涨停附近；收在日内高位；近5日趋势升温；站上20日线且不过热；连续上榜确认；市场强势且个股相对强势；v4多头排列技术加分；v4筹码集中加分；v4主力资金强净流入,v4乖离率过大；v4远离短中期均线；v4获利盘结构偏弱；v4事件风险扣分（减持）；涨停封板不可买,v4
2026-05-06,002565,顺灏股份,82,不推送,0.0,15,16.16,17.1,17.87,-11.67,29.72,28.48,19.52,0.65,29.72,29.72,29.72,v4筹码集中加分,当日转弱；收盘承接偏弱；近5日趋势未确认；仍在20日线下方；强势市里个股相对走弱；v4跌破短均线；v4获利盘结构偏弱；v4主力资金强净流出,v4
2026-05-22,600183,生益科技,51,观察池,72.4,3,5.55,7.88,9.07,21.99,29.62,21.99,,,29.62,,,当日涨停附近；收在日内高位；温和放量；近5日趋势升温；站上20日线且不过热；人气排名明显上升；市场强势且个股相对强势；v4多头排列技术加分,v4乖离率过大；v4远离短中期均线；涨停封板不可买,v4
2026-05-11,603459,红板科技,71,观察池,19.4,12,10.0,4.53,10.0,16.66,29.15,-4.04,1.0,21.47,12.03,12.03,29.15,当日涨停附近；收在日内高位；近5日强势延续；市场强势且个股相对强势；v4多头排列技术加分；v4筹码集中加分,量能不足；短线涨幅偏高；偏离20日线较大；一字或近似一字，参与点差；v4乖离率过大；v4远离短中期均线；v4获利盘结构偏弱；v4主力资金净流出；v4事件谨慎扣分（异常波动）；一字板不可买,v4
2026-05-14,603601,再升科技,61,不推送,0.0,9,-0.72,1.81,5.01,29.09,29.09,8.57,9.41,,20.64,20.64,,温和放量；站上20日线且不过热；持续霸榜；v4筹码集中加分,当日转弱；收盘承接偏弱；近5日趋势未确认；热度可能进入后段；人气排名明显回落；弱市先收缩执行；后段人气股在偏弱环境里更谨慎；弱市里的长连榜样本优先降权；v4跌破短均线；v4趋势未转强且热度偏后；v4获利盘结构偏弱；v4主力资金强净流出,v4
2026-05-13,002156,通富微电,56,不推送,75.4,10,0.12,-5.69,0.56,17.52,29.08,-4.58,2.33,17.52,0.56,4.9,29.08,收在日内高位；温和放量；近5日趋势升温；站上20日线且不过热；持续霸榜；市场强势且个股相对强势；v4多头排列技术加分；v4缩量回踩MA5；v4沿短均线抬升；v4筹码集中加分,热度可能进入后段；v4远离短中期均线；v4获利盘结构偏弱；v4主力资金净流出,v4
2026-05-12,002156,通富微电,55,不推送,19.4,11,-2.67,2.32,2.56,20.24,29.05,-4.14,-1.04,26.75,2.89,2.89,29.05,温和放量；近5日趋势升温；站上20日线且不过热；持续霸榜；市场强势且个股相对强势；v4多头排列技术加分；v4沿短均线抬升；v4筹码集中加分,当日转弱；收盘承接偏弱；热度可能进入后段；人气排名明显回落；v4远离短中期均线；v4获利盘结构偏弱；v4主力资金强净流出,v4
2026-05-12,601991,大唐发电,23,观察池,34.4,11,6.57,10.0,10.0,15.07,28.96,18.21,25.07,6.87,21.04,28.96,28.96,人气Top50；当日涨停附近；收在日内高位；温和放量；持续霸榜；市场强势且个股相对强势；v4多头排列技术加分；v4筹码集中加分；v4龙虎榜提示关注,短线涨幅过热；远离20日线过多；热度可能进入后段；v4乖离率过大；v4远离短中期均线；v4获利盘结构偏弱；v4主力资金强净流出；v4事件谨慎扣分（风险提示）；涨停封板不可买,v4
2026-05-12,002407,多氟多,63,不推送,0.0,11,0.0,-0.23,0.76,4.86,28.6,6.3,8.38,6.3,6.3,15.79,28.6,站上20日线且不过热；v4筹码集中加分,当日转弱；收盘承接偏弱；近5日趋势未确认；人气排名明显回落；强势市里个股相对走弱；v4跌破短均线；v4获利盘结构偏弱；v4主力资金强净流出,v4
2026-05-15,603629,利通电子,46,不推送,0.0,8,0.5,4.67,4.72,28.35,28.35,8.78,17.3,,8.82,17.3,,人气Top50；温和放量；站上20日线且不过热；持续霸榜；v4多头排列技术加分；v4筹码集中加分,当日转弱；收盘承接偏弱；近5日趋势未确认；热度可能进入后段；震荡市里相对走弱；v4远离短中期均线；v4长上影承接转弱；v4获利盘结构偏弱；v4主力资金净流出,v4
2026-05-21,600186,莲花控股,98,不推送,0.0,4,2.06,10.02,10.02,11.14,28.28,23.5,,,28.28,,,温和放量；站上20日线且不过热；连续上榜确认；v4筹码集中加分,当日转弱；收盘承接偏弱；人气排名明显回落；弱市先收缩执行；后段人气股在偏弱环境里更谨慎；v4长上影承接转弱；v4趋势未转强且热度偏后；v4获利盘结构偏弱；v4主力资金强净流出,v4
2026-05-08,002008,大族激光,63,不推送,67.4,13,2.0,10.02,10.02,7.75,28.26,21.39,17.43,20.04,21.39,28.26,28.26,当日强涨；收在日内高位；温和放量；近5日趋势升温；连续上榜确认；市场强势且个股相对强势；v4多头排列技术加分；v4筹码集中加分；v4主力资金强净流入,偏离20日线较大；人气排名明显回落；v4乖离率过大；v4远离短中期均线；v4获利盘结构偏弱,v4
2026-05-15,002081,金螳螂,6,不推送,0.0,7,21.06,21.06,28.08,-5.14,28.08,6.34,1.71,,28.08,28.08,,人气Top10；站上20日线且不过热；持续霸榜；v4筹码集中加分；v4龙虎榜提示关注,当日转弱；收盘承接偏弱；近5日趋势未确认；热度可能进入后段；震荡市里相对走弱；v4长上影承接转弱；v4跌破短均线；v4获利盘结构偏弱；v4主力资金强净流出,v4
2026-05-14,000021,深科技,99,不推送,5.55,9,1.02,-1.98,2.48,28.07,28.07,9.7,5.91,,11.76,16.45,,温和放量；近5日趋势升温；站上20日线且不过热；连续上榜确认；v4多头排列技术加分；v4沿短均线抬升；v4筹码集中加分,当日转弱；收盘承接偏弱；弱市先收缩执行；后段人气股在偏弱环境里更谨慎；v4短线偏离MA5过多；v4远离短中期均线；v4长上影承接转弱；v4获利盘结构偏弱；v4主力资金净流出,v4
2026-05-07,000988,华工科技,18,普通观察,93.4,14,-2.03,2.39,2.55,19.76,28.0,7.99,2.92,15.33,12.73,12.73,28.0,人气Top20；当日上涨；收在日内高位；温和放量；近5日趋势升温；站上20日线且不过热；连续上榜确认；人气排名明显上升；市场强势且个股相对强势；v4多头排列技术加分；v4筹码集中加分；v4主力资金强净流入,v4乖离率过大；v4远离短中期均线；v4获利盘结构偏弱,v4
2026-05-13,600186,莲花控股,6,重点观察,99.4,10,0.93,-1.68,3.82,10.73,27.8,-1.96,2.89,10.73,3.82,10.54,27.8,人气Top10；当日强涨；收盘承接较强；温和放量；站上20日线且不过热；持续霸榜；人气排名明显上升；市场强势且个股相对强势；v4多头排列技术加分；v4筹码集中加分；v4主力资金净流入,近5日趋势未确认；热度可能进入后段；v4获利盘结构偏弱,v4
2026-05-15,000988,华工科技,79,不推送,0.0,8,2.82,10.18,10.18,19.53,27.75,22.17,16.86,,27.75,27.75,,温和放量；站上20日线且不过热；持续霸榜；v4筹码集中加分,当日转弱；收盘承接偏弱；近5日趋势未确认；热度可能进入后段；震荡市里相对走弱；后段人气股在偏弱环境里更谨慎；v4长上影承接转弱；v4跌破短均线；v4趋势未转强且热度偏后；v4获利盘结构偏弱；v4主力资金强净流出,v4
2026-05-08,603629,利通电子,28,不推送,22.4,13,-0.02,-2.85,-0.02,27.74,27.74,3.06,1.44,16.74,3.06,8.3,16.74,人气Top50；当日上涨；温和放量；近5日强势延续；连续上榜确认；市场强势且个股相对强势；v4多头排列技术加分；v4筹码集中加分,短线涨幅偏高；远离20日线过多；v4乖离率过大；v4远离短中期均线；v4获利盘结构偏弱；v4主力资金净流出；v4拉升但资金未跟随,v4
2026-05-20,600396,华电辽能,19,不推送,0.0,5,-0.28,-2.13,5.02,27.72,27.72,10.18,27.72,,10.18,27.72,,人气Top20；站上20日线且不过热；持续霸榜；v4筹码集中加分,当日转弱；收盘承接偏弱；近5日趋势未确认；热度可能进入后段；震荡市里相对走弱；v4跌破短均线；v4获利盘结构偏弱；v4主力资金强净流出,v4
2026-05-22,600396,华电辽能,55,不推送,14.7,3,1.3,10.03,10.03,27.54,27.54,27.54,,,27.54,,,收盘承接较强；站上20日线且不过热；持续霸榜；人气排名明显上升,近5日趋势未确认；热度可能进入后段；强势市里个股相对走弱；v4趋势未转强且热度偏后,v4
2026-05-06,601016,节能风电,20,不推送,41.0,15,4.33,8.01,9.96,6.49,27.49,10.82,21.86,1.08,13.85,21.86,27.49,人气Top20；站上20日线且不过热；v4多头排列技术加分；v4筹码集中加分；v4主力资金强净流入；v4龙虎榜提示关注,量能不足；v4获利盘结构偏弱,v4
2026-05-07,600330,天通股份,68,不推送,38.4,14,-0.64,4.22,7.9,11.54,27.06,16.73,17.23,-1.72,21.52,27.06,27.06,当日上涨；温和放量；站上20日线且不过热；连续上榜确认；市场强势且个股相对强势；v4多头排列技术加分；v4筹码集中加分,v4短线偏离MA5过多；v4长上影承接转弱；v4获利盘结构偏弱；v4主力资金净流出；v4拉升但资金未跟随,v4
2026-05-12,603601,再升科技,70,不推送,0.0,11,0.77,7.11,10.02,26.79,26.79,0.0,6.64,19.03,10.02,18.49,23.12,近5日趋势升温；站上20日线且不过热；持续霸榜；市场强势且个股相对强势；v4筹码集中加分,当日转弱；收盘承接偏弱；热度可能进入后段；v4趋势未转强且热度偏后；v4获利盘结构偏弱；v4主力资金强净流出,v4
2026-05-07,300308,中际旭创,43,不推送,63.4,14,-1.43,0.97,2.45,26.66,26.66,16.01,22.85,13.21,16.57,24.09,25.35,人气Top50；收盘承接较强；温和放量；站上20日线且不过热；连续上榜确认；人气排名明显上升；市场强势且个股相对强势；v4筹码集中加分；v4主力资金净流入,v4获利盘结构偏弱,v4
2026-05-20,002156,通富微电,23,不推送,44.3,5,3.13,-0.48,7.77,15.24,26.59,12.44,15.24,,12.44,26.59,,人气Top50；当日上涨；温和放量；站上20日线且不过热；持续霸榜；人气排名明显上升；震荡市里保持相对强势；v4筹码集中加分；v4主力资金强净流入,热度可能进入后段；v4乖离率过大；v4趋势未转强且热度偏后；v4获利盘结构偏弱,v4
2026-05-08,002081,金螳螂,13,不推送,3.4,12,2.5,6.62,10.0,-18.53,26.47,15.88,15.44,-12.65,24.41,26.47,26.47,人气Top20；温和放量；近5日强势延续；连续上榜确认；市场强势且个股相对强势；v4多头排列技术加分；v4筹码集中加分,当日转弱；短线涨幅偏高；远离20日线过多；v4乖离率过大；v4远离短中期均线；v4长上影承接转弱；v4获利盘结构偏弱；v4主力资金强净流出；v4事件谨慎扣分（异常波动）,v4
2026-05-11,002015,协鑫能科,99,不推送,17.4,12,1.58,4.83,7.0,7.0,26.38,15.88,5.87,10.4,26.38,26.38,26.38,温和放量；近5日趋势升温；站上20日线且不过热；市场强势且个股相对强势；v4多头排列技术加分；v4沿短均线抬升；v4筹码集中加分,当日转弱；收盘承接偏弱；人气排名明显回落；v4长上影承接转弱；v4获利盘结构偏弱；v4主力资金强净流出,v4
2026-05-08,002407,多氟多,39,不推送,1.7,13,-0.11,1.41,3.82,2.84,26.12,-2.16,4.25,22.7,3.82,4.25,26.12,人气Top50；温和放量；站上20日线且不过热；连续上榜确认；人气排名明显上升；v4筹码集中加分,当日转弱；收盘承接偏弱；强势市里个股相对走弱；v4长上影承接转弱；v4趋势未转强且热度偏后；v4获利盘结构偏弱；v4主力资金强净流出,v4
2026-05-08,300502,新易盛,85,不推送,0.0,13,0.42,2.18,3.32,25.98,25.98,14.02,10.58,9.99,14.34,18.49,18.49,站上20日线且不过热；连续上榜确认；v4筹码集中加分,当日转弱；收盘承接偏弱；人气排名明显回落；强势市里个股相对走弱；v4长上影承接转弱；v4趋势未转强且热度偏后；v4获利盘结构偏弱；v4主力资金强净流出,v4
2026-05-07,002498,汉缆股份,81,不推送,54.4,14,-0.32,-1.83,0.97,-5.27,25.94,7.75,9.26,-5.71,7.75,25.94,25.94,收盘承接较强；温和放量；近5日趋势升温；站上20日线且不过热；市场强势且个股相对强势；v4筹码集中加分；v4主力资金强净流入,v4短线偏离MA5过多；v4获利盘结构偏弱,v4
2026-05-18,600578,京能电力,16,观察池,71.95,7,0.0,7.26,9.99,25.81,25.81,6.1,17.25,,9.99,17.25,,人气Top20；当日涨停附近；收在日内高位；温和放量；连续上榜确认；震荡市里保持相对强势；震荡市里承接未失控；v4多头排列技术加分；v4筹码集中加分；v4主力资金净流入；v4龙虎榜提示关注,短线涨幅过热；偏离20日线较大；v4乖离率过大；v4远离短中期均线；v4获利盘结构偏弱；涨停封板不可买,v4
2026-05-14,603629,利通电子,33,不推送,4.0,9,-0.32,-0.23,6.51,25.63,25.63,2.29,5.4,,6.51,6.51,,人气Top50；温和放量；近5日趋势升温；持续霸榜；v4多头排列技术加分；v4沿短均线抬升；v4筹码集中加分,当日转弱；收盘承接偏弱；偏离20日线较大；热度可能进入后段；弱市先收缩执行；弱市里的长连榜样本优先降权；v4远离短中期均线；v4长上影承接转弱；v4获利盘结构偏弱；v4主力资金净流出,v4
2026-05-06,002176,江特电机,80,不推送,0.0,15,20.63,19.02,21.63,-7.75,25.61,17.41,10.28,0.31,25.61,25.61,25.61,站上20日线且不过热；v4筹码集中加分,近5日趋势未确认；强势市里个股相对走弱；v4长上影承接转弱；v4获利盘结构偏弱；v4主力资金强净流出；v4拉升但资金未跟随,v4
2026-05-13,603629,利通电子,20,观察池,97.4,10,1.33,-1.34,3.57,23.95,25.57,1.08,5.05,23.95,5.09,5.09,25.57,人气Top20；当日涨停附近；收在日内高位；温和放量；近5日趋势升温；持续霸榜；人气排名明显上升；市场强势且个股相对强势；v4多头排列技术加分；v4沿短均线抬升；v4筹码集中加分；v4主力资金强净流入,偏离20日线较大；热度可能进入后段；v4乖离率过大；v4远离短中期均线；v4获利盘结构偏弱；涨停封板不可买,v4
2026-05-11,600186,莲花控股,25,不推送,11.7,12,-1.46,-3.01,-0.87,15.24,25.53,2.33,2.04,25.53,8.06,8.06,25.53,人气Top50；温和放量；站上20日线且不过热；连续上榜确认；v4筹码集中加分,当日转弱；近5日趋势未确认；强势市里个股相对走弱；v4趋势未转强且热度偏后；v4获利盘结构偏弱；v4主力资金强净流出,v4
2026-05-18,002081,金螳螂,4,不推送,0.0,6,15.58,18.15,25.51,-5.14,25.51,-2.23,0.86,,25.51,25.51,,人气Top10；站上20日线且不过热；持续霸榜；v4筹码集中加分；v4龙虎榜提示关注,当日转弱；收盘承接偏弱；近5日趋势未确认；热度可能进入后段；震荡市里相对走弱；v4长上影承接转弱；v4跌破短均线；v4获利盘结构偏弱；v4主力资金强净流出,v4
2026-05-08,300308,中际旭创,41,不推送,43.4,13,0.35,6.11,6.86,25.44,25.44,18.42,18.5,17.15,18.76,24.14,24.14,人气Top50；近5日趋势升温；站上20日线且不过热；连续上榜确认；市场强势且个股相对强势；v4筹码集中加分；v4主力资金净流入,v4趋势未转强且热度偏后；v4获利盘结构偏弱,v4
2026-05-12,002929,润建股份,91,不推送,4.4,11,0.25,10.0,10.0,-2.49,25.43,16.53,22.53,6.63,21.0,25.43,25.43,温和放量；近5日强势延续；市场强势且个股相对强势；v4多头排列技术加分；v4筹码集中加分,短线涨幅偏高；偏离20日线较大；v4乖离率过大；v4远离短中期均线；v4获利盘结构偏弱；v4主力资金强净流出；v4拉升但资金未跟随,v4
2026-05-13,300433,蓝思科技,79,不推送,67.4,10,0.03,-1.16,2.48,23.22,25.42,18.38,11.07,23.22,23.89,23.89,25.42,当日强涨；收盘承接较强；温和放量；近5日趋势升温；站上20日线且不过热；市场强势且个股相对强势；v4多头排列技术加分；v4筹码集中加分；v4主力资金强净流入,v4乖离率过大；v4远离短中期均线；v4获利盘结构偏弱,v4
2026-05-06,600589,大位科技,79,不推送,7.4,15,-4.73,-2.24,-1.98,-6.62,25.37,11.95,16.6,15.05,15.91,18.57,25.37,温和放量；近5日趋势升温；站上20日线且不过热；市场强势且个股相对强势；v4筹码集中加分；v4主力资金强净流入,当日转弱；收盘承接偏弱；v4乖离率过大；v4远离短中期均线；v4获利盘结构偏弱,v4
2026-05-11,301531,春光集团,20,不推送,31.0,12,3.59,17.51,25.35,-21.66,25.35,9.64,13.85,-4.8,25.35,25.35,25.35,人气Top20；站上20日线且不过热；v4筹码集中加分；v4主力资金强净流入；v4龙虎榜提示关注,v4长上影承接转弱；v4获利盘结构偏弱,v4
2026-05-14,300433,蓝思科技,58,不推送,5.55,9,5.23,5.88,8.33,24.67,25.35,17.49,13.0,,25.35,25.35,,温和放量；近5日趋势升温；站上20日线且不过热；连续上榜确认；人气排名明显上升；v4多头排列技术加分；v4沿短均线抬升；v4筹码集中加分,当日转弱；收盘承接偏弱；弱市先收缩执行；后段人气股在偏弱环境里更谨慎；v4短线偏离MA5过多；v4远离短中期均线；v4长上影承接转弱；v4获利盘结构偏弱；v4主力资金强净流出,v4
2026-05-15,002281,光迅科技,34,不推送,12.3,8,-1.0,6.56,9.07,2.91,25.3,20.02,9.6,,25.3,25.3,,人气Top50；温和放量；近5日趋势升温；持续霸榜；震荡市里保持相对强势；v4筹码集中加分,当日转弱；偏离20日线较大；热度可能进入后段；v4远离短中期均线；v4趋势未转强且热度偏后；v4获利盘结构偏弱；v4主力资金强净流出,v4
2026-05-06,000066,中国长城,4,不推送,51.4,15,13.33,16.69,16.69,-10.66,25.26,13.87,22.58,1.07,20.54,25.26,25.26,人气Top10；收盘承接较强；近5日趋势升温；站上20日线且不过热；市场强势且个股相对强势；v4多头排列技术加分；v4筹码集中加分；v4主力资金强净流入,当日转弱；v4乖离率过大；v4远离短中期均线；v4获利盘结构偏弱,v4
2026-05-08,002156,通富微电,43,不推送,22.4,13,4.99,7.1,8.87,25.12,25.12,6.47,-0.24,10.99,8.87,8.87,17.0,人气Top50；温和放量；近5日趋势升温；站上20日线且不过热；连续上榜确认；市场强势且个股相对强势；v4多头排列技术加分；v4筹码集中加分,当日转弱；收盘承接偏弱；人气排名明显回落；v4短线偏离MA5过多；v4远离短中期均线；v4获利盘结构偏弱；v4主力资金强净流出,v4
2026-05-08,000988,华工科技,33,不推送,57.4,13,2.41,7.95,8.84,16.97,25.01,3.96,-1.98,14.35,10.1,10.1,25.01,人气Top50；收在日内高位；温和放量；近5日趋势升温；站上20日线且不过热；连续上榜确认；市场强势且个股相对强势；v4多头排列技术加分；v4筹码集中加分,v4乖离率过大；v4远离短中期均线；v4获利盘结构偏弱；v4主力资金强净流出,v4
2026-05-11,603773,沃格光电,92,观察池,69.4,12,2.69,2.16,7.5,24.94,24.94,4.11,-15.67,3.99,11.06,11.06,11.06,当日涨停附近；收在日内高位；温和放量；近5日趋势升温；市场强势且个股相对强势；v4多头排列技术加分；v4筹码集中加分；v4主力资金强净流入,偏离20日线较大；v4乖离率过大；v4远离短中期均线；v4获利盘结构偏弱；涨停封板不可买,v4
2026-05-07,603256,宏和科技,90,观察池,58.4,14,0.6,3.3,4.84,24.85,24.85,2.91,-1.58,0.53,6.31,6.31,8.24,当日涨停附近；收在日内高位；温和放量；近5日强势延续；市场强势且个股相对强势；v4多头排列技术加分；v4筹码集中加分；v4主力资金净流入,短线涨幅偏高；偏离20日线较大；v4乖离率过大；v4远离短中期均线；v4获利盘结构偏弱；涨停封板不可买,v4
2026-05-21,603986,兆易创新,22,不推送,6.0,4,3.73,8.54,9.53,19.26,24.79,22.05,,,24.79,,,人气Top50；温和放量；近5日趋势升温；站上20日线且不过热；持续霸榜；v4多头排列技术加分,当日转弱；收盘承接偏弱；热度可能进入后段；弱市先收缩执行；弱市里的长连榜样本优先降权；v4短线偏离MA5过多；v4远离短中期均线；v4长上影承接转弱,v4
2026-05-13,002281,光迅科技,37,不推送,8.4,10,0.5,2.94,7.49,2.39,24.67,6.03,19.41,2.39,8.52,24.67,24.67,人气Top50；温和放量；近5日强势延续；持续霸榜；市场强势且个股相对强势；v4多头排列技术加分；v4筹码集中加分,当日转弱；短线涨幅偏高；偏离20日线较大；热度可能进入后段；v4短线偏离MA5过多；v4远离短中期均线；v4长上影承接转弱；v4获利盘结构偏弱；v4主力资金强净流出；v4事件谨慎扣分（异常波动）,v4
2026-05-22,000021,深科技,36,重点观察,101.4,3,1.27,9.06,9.99,16.57,24.65,16.57,,,24.65,,,人气Top50；当日上涨；收盘承接较强；温和放量；近5日趋势升温；站上20日线且不过热；持续霸榜；人气排名明显上升；市场强势且个股相对强势；v4多头排列技术加分；v4缩量回踩MA5；v4沿短均线抬升；v4筹码集中加分,热度可能进入后段；v4获利盘结构偏弱,v4
2026-05-06,002759,天际股份,84,不推送,0.0,15,23.82,18.59,24.61,-7.58,24.61,16.75,13.97,11.65,24.61,24.61,24.61,温和放量；v4筹码集中加分；v4主力资金强净流入,当日转弱；收盘承接偏弱；近5日趋势未确认；仍在20日线下方；强势市里个股相对走弱；v4跌破短均线；v4获利盘结构偏弱,v4
2026-05-14,002156,通富微电,66,不推送,0.0,9,1.05,-0.66,4.74,24.6,24.6,2.54,7.6,,4.74,16.52,,站上20日线且不过热；持续霸榜；v4筹码集中加分,当日转弱；收盘承接偏弱；近5日趋势未确认；热度可能进入后段；弱市先收缩执行；后段人气股在偏弱环境里更谨慎；弱市里的长连榜样本优先降权；v4趋势未转强且热度偏后；v4获利盘结构偏弱；v4主力资金强净流出,v4
2026-05-20,603986,兆易创新,9,观察池,105.95,5,0.07,-2.89,4.53,15.81,24.52,15.97,15.81,,15.97,24.52,,人气Top10；当日涨停附近；收在日内高位；温和放量；近5日趋势升温；连续上榜确认；人气排名明显上升；震荡市里保持相对强势；震荡市里承接未失控；v4多头排列技术加分；v4筹码集中加分；v4主力资金强净流入,偏离20日线较大；v4乖离率过大；v4远离短中期均线；v4获利盘结构偏弱；涨停封板不可买,v4
2026-05-22,600863,华能蒙电,87,不推送,34.4,3,-0.93,10.02,10.02,24.49,24.49,24.49,,,24.49,,,温和放量；近5日趋势升温；站上20日线且不过热；连续上榜确认；市场强势且个股相对强势；v4多头排列技术加分；v4沿短均线抬升,当日转弱；收盘承接偏弱；v4长上影承接转弱,v4
2026-05-07,002015,协鑫能科,42,不推送,35.4,14,-1.46,-1.02,0.73,5.39,24.48,3.25,14.13,-2.19,5.39,24.48,24.48,人气Top50；当日上涨；温和放量；近5日趋势升温；站上20日线且不过热；连续上榜确认；市场强势且个股相对强势；v4筹码集中加分,v4乖离率过大；v4长上影承接转弱；v4获利盘结构偏弱；v4主力资金强净流出；v4拉升但资金未跟随,v4
2026-05-19,603629,利通电子,34,不推送,60.3,6,-0.75,4.09,4.13,22.82,24.43,12.25,21.59,,12.25,24.43,,人气Top50；收盘承接较强；近5日趋势升温；站上20日线且不过热；持续霸榜；震荡市里保持相对强势；v4多头排列技术加分；v4缩量回踩MA5；v4沿短均线抬升；v4筹码集中加分,当日转弱；热度可能进入后段；v4获利盘结构偏弱；v4主力资金净流出,v4
2026-05-14,000988,华工科技,64,不推送,0.0,9,0.51,-2.49,4.06,16.36,24.37,15.28,12.05,,16.22,24.37,,温和放量；站上20日线且不过热；持续霸榜；v4筹码集中加分,当日转弱；收盘承接偏弱；热度可能进入后段；弱市先收缩执行；后段人气股在偏弱环境里更谨慎；弱市里的长连榜样本优先降权；v4趋势未转强且热度偏后；v4获利盘结构偏弱；v4主力资金强净流出,v4
2026-05-21,002156,通富微电,37,不推送,17.0,4,0.08,2.72,4.18,15.8,24.29,22.07,,,24.29,,,人气Top50；温和放量；近5日趋势升温；站上20日线且不过热；持续霸榜；v4多头排列技术加分；v4沿短均线抬升；v4筹码集中加分,当日转弱；收盘承接偏弱；热度可能进入后段；弱市先收缩执行；弱市里的长连榜样本优先降权；v4短线偏离MA5过多；v4长上影承接转弱；v4获利盘结构偏弱；v4主力资金净流出,v4
2026-05-08,600379,宝光股份,95,不推送,3.4,13,2.03,10.03,10.03,-14.87,24.18,12.9,11.4,-19.16,14.63,24.18,24.18,温和放量；近5日趋势升温；站上20日线且不过热；连续上榜确认；市场强势且个股相对强势；v4筹码集中加分,当日转弱；收盘承接偏弱；人气排名明显回落；v4远离短中期均线；v4趋势未转强且热度偏后；v4获利盘结构偏弱；v4主力资金强净流出,v4
2026-05-11,002281,光迅科技,3,观察池,75.4,12,0.61,1.36,5.04,1.97,24.15,2.52,5.59,12.67,7.05,8.07,24.15,人气Top3；当日涨停附近；收在日内高位；温和放量；连续上榜确认；市场强势且个股相对强势；v4多头排列技术加分；v4筹码集中加分；v4主力资金净流入；v4龙虎榜提示关注,短线涨幅过热；远离20日线过多；v4乖离率过大；v4远离短中期均线；v4获利盘结构偏弱；涨停封板不可买,v4
2026-05-21,000021,深科技,52,不推送,4.55,4,2.34,3.74,4.43,20.92,24.09,17.54,,,24.09,,,温和放量；近5日趋势升温；站上20日线且不过热；连续上榜确认；v4筹码集中加分,当日转弱；收盘承接偏弱；人气排名明显回落；弱市先收缩执行；后段人气股在偏弱环境里更谨慎；v4趋势未转强且热度偏后；v4获利盘结构偏弱,v4
2026-05-20,000021,深科技,12,不推送,19.3,5,1.42,-4.04,3.67,16.04,24.09,8.58,16.04,,9.5,24.09,,人气Top20；温和放量；近5日趋势升温；站上20日线且不过热；连续上榜确认；震荡市里保持相对强势；v4多头排列技术加分；v4筹码集中加分,收盘承接偏弱；上影线偏长；v4短线偏离MA5过多；v4远离短中期均线；v4长上影承接转弱；v4正涨但收盘承接一般；v4获利盘结构偏弱；v4主力资金强净流出；v4拉升但资金未跟随,v4
2026-05-18,002342,巨力索具,1,不推送,0.0,7,24.03,24.03,24.03,-8.9,24.03,0.79,0.55,,24.03,24.03,,人气Top3；温和放量；持续霸榜；人气排名明显上升；v4筹码集中加分,当日转弱；收盘承接偏弱；近5日趋势未确认；仍在20日线下方；热度可能进入后段；震荡市里相对走弱；v4跌破短均线；v4获利盘结构偏弱；v4主力资金强净流出,v4
2026-05-22,002156,通富微电,42,不推送,71.4,3,1.31,9.99,9.99,12.74,23.83,12.74,,,23.83,,,人气Top50；收盘承接较强；温和放量；近5日趋势升温；站上20日线且不过热；持续霸榜；市场强势且个股相对强势；v4多头排列技术加分；v4沿短均线抬升,热度可能进入后段；v4短线偏离MA5过多,v4
2026-05-20,600186,莲花控股,34,不推送,30.3,5,-0.54,-3.52,3.79,7.23,23.76,16.8,7.23,,16.8,23.76,,人气Top50；温和放量；站上20日线且不过热；连续上榜确认；震荡市里保持相对强势；v4多头排列技术加分；v4沿短均线抬升；v4筹码集中加分,当日转弱；收盘承接偏弱；v4获利盘结构偏弱；v4主力资金强净流出,v4
2026-05-13,000988,华工科技,58,不推送,55.4,10,1.25,-3.31,2.89,12.51,23.72,3.72,15.0,12.51,3.72,20.25,23.72,收盘承接较强；温和放量；近5日趋势升温；站上20日线且不过热；持续霸榜；市场强势且个股相对强势；v4多头排列技术加分；v4缩量回踩MA5；v4沿短均线抬升；v4筹码集中加分,当日转弱；热度可能进入后段；v4远离短中期均线；v4获利盘结构偏弱；v4主力资金强净流出,v4
2026-05-21,000725,京东方A,1,观察池,93.2,4,0.21,10.02,10.02,21.96,23.67,23.03,,,23.67,,,人气Top3；当日涨停附近；收在日内高位；温和放量；近5日趋势升温；站上20日线且不过热；首次上榜即强势；v4多头排列技术加分；v4筹码集中加分；v4龙虎榜提示关注；v4事件催化加分（签订协议）,一字或近似一字，参与点差；弱市先收缩执行；v4乖离率过大；v4远离短中期均线；v4获利盘结构偏弱；一字板不可买,v4
2026-05-12,600172,黄河旋风,18,观察池,74.4,10,1.49,10.04,10.04,23.61,23.61,2.79,0.56,23.61,15.99,15.99,23.61,人气Top20；当日涨停附近；收在日内高位；近5日强势延续；站上20日线且不过热；首次上榜即强势；市场强势且个股相对强势；v4多头排列技术加分；v4筹码集中加分；v4主力资金强净流入；v4龙虎榜提示关注,短线涨幅偏高；v4乖离率过大；v4远离短中期均线；v4放量冲高过热；v4获利盘结构偏弱；涨停封板不可买,v4
2026-05-12,603459,红板科技,43,不推送,8.4,11,-3.04,1.62,7.18,11.6,23.55,-10.09,-6.87,21.2,7.18,7.18,23.55,人气Top50；当日上涨；放量仍可控；连续上榜确认；人气排名明显上升；市场强势且个股相对强势；v4多头排列技术加分；v4筹码集中加分；v4龙虎榜提示关注,短线涨幅过热；偏离20日线较大；v4乖离率过大；v4远离短中期均线；v4正涨但收盘承接一般；v4获利盘结构偏弱；v4主力资金净流出；v4拉升但资金未跟随；v4事件谨慎扣分（风险提示）,v4
2026-05-07,603601,再升科技,63,不推送,53.4,14,-1.85,3.35,8.26,23.5,23.5,-2.6,-4.33,4.68,8.26,8.26,15.42,当日上涨；收在日内高位；温和放量；近5日趋势升温；站上20日线且不过热；连续上榜确认；市场强势且个股相对强势；v4多头排列技术加分；v4筹码集中加分,人气排名明显回落；v4乖离率过大；v4远离短中期均线；v4获利盘结构偏弱；v4主力资金强净流出,v4
2026-05-07,600522,中天科技,19,观察池,107.4,14,-0.47,6.57,7.24,1.75,23.5,14.85,14.9,9.17,20.32,20.32,23.5,人气Top20；当日涨停附近；收在日内高位；温和放量；近5日趋势升温；站上20日线且不过热；连续上榜确认；人气排名明显上升；市场强势且个股相对强势；v4多头排列技术加分；v4筹码集中加分；v4主力资金强净流入,v4乖离率过大；v4远离短中期均线；v4获利盘结构偏弱；涨停封板不可买,v4
2026-05-06,000925,众合科技,69,不推送,0.0,14,4.07,3.23,6.88,-15.95,23.46,1.98,23.46,-10.32,11.57,23.46,23.46,温和放量；站上20日线且不过热；v4筹码集中加分；v4龙虎榜提示关注,当日转弱；收盘承接偏弱；强势市里个股相对走弱；v4远离短中期均线；v4长上影承接转弱；v4获利盘结构偏弱；v4主力资金净流出,v4
2026-05-06,301511,德福科技,34,观察池,52.4,13,-1.35,2.77,5.05,19.99,23.42,2.91,13.21,21.45,8.16,16.9,23.42,人气Top50；当日涨停附近；收在日内高位；温和放量；市场强势且个股相对强势；v4多头排列技术加分；v4筹码集中加分；v4主力资金强净流入；v4龙虎榜提示关注；v4事件催化加分（回购）,短线涨幅过热；远离20日线过多；v4乖离率过大；v4远离短中期均线；v4获利盘结构偏弱；涨停封板不可买,v4
2026-05-21,603773,沃格光电,65,不推送,0.0,4,-0.02,-1.26,4.85,23.41,23.41,12.98,,,12.98,,,当日上涨；温和放量；站上20日线且不过热；v4筹码集中加分；v4龙虎榜提示关注,收盘承接偏弱；近5日趋势未确认；弱市先收缩执行；后段人气股在偏弱环境里更谨慎；v4乖离率过大；v4长上影承接转弱；v4正涨但收盘承接一般；v4获利盘结构偏弱,v4
2026-05-12,600396,华电辽能,4,观察池,50.4,11,0.0,10.03,10.03,23.39,23.39,15.81,7.31,12.16,20.6,20.6,20.6,人气Top10；当日涨停附近；收在日内高位；温和放量；持续霸榜；市场强势且个股相对强势；v4多头排列技术加分；v4筹码集中加分；v4龙虎榜提示关注,短线涨幅过热；远离20日线过多；热度可能进入后段；v4乖离率过大；v4远离短中期均线；v4获利盘结构偏弱；v4主力资金强净流出；v4事件谨慎扣分（风险提示）；涨停封板不可买,v4
2026-05-07,300502,新易盛,8,重点观察,100.4,14,-1.86,-2.1,-0.45,23.34,23.34,5.15,9.65,0.44,6.43,16.01,16.01,人气Top10；当日强涨；收在日内高位；温和放量；站上20日线且不过热；连续上榜确认；人气排名明显上升；市场强势且个股相对强势；v4筹码集中加分；v4主力资金强净流入,v4短线偏离MA5过多；v4获利盘结构偏弱,v4
2026-05-11,300502,新易盛,93,不推送,26.0,12,2.0,5.11,6.4,23.29,23.29,9.62,6.43,16.91,15.97,15.97,17.09,收盘承接较强；温和放量；站上20日线且不过热；连续上榜确认；v4筹码集中加分,v4短线偏离MA5过多；v4趋势未转强且热度偏后；v4获利盘结构偏弱；v4主力资金强净流出,v4
2026-05-07,001309,德明利,22,不推送,12.4,14,-2.8,-3.05,-1.06,7.87,23.27,0.24,17.05,6.42,4.61,19.95,23.27,人气Top50；当日上涨；放量仍可控；近5日强势延续；站上20日线且不过热；连续上榜确认；市场强势且个股相对强势；v4多头排列技术加分；v4筹码集中加分,短线涨幅偏高；上影线偏长；v4乖离率过大；v4远离短中期均线；v4长上影承接转弱；v4正涨但收盘承接一般；v4获利盘结构偏弱；v4主力资金强净流出；v4拉升但资金未跟随,v4
2026-05-19,001259,利仁科技,67,观察池,33.3,6,10.0,10.0,10.0,2.17,22.93,8.18,0.27,,22.93,22.93,,当日涨停附近；收在日内高位；温和放量；震荡市里保持相对强势；震荡市里承接未失控；v4多头排列技术加分；v4筹码集中加分；v4主力资金净流入；v4龙虎榜提示关注,短线涨幅过热；远离20日线过多；后段人气股在偏弱环境里更谨慎；v4乖离率过大；v4远离短中期均线；v4获利盘结构偏弱；v4事件谨慎扣分（异常波动）；涨停封板不可买,v4
2026-05-19,300502,新易盛,80,不推送,0.0,6,0.5,2.7,4.96,21.4,22.9,5.99,22.27,,7.23,22.9,,温和放量；v4筹码集中加分,当日转弱；收盘承接偏弱；近5日趋势未确认；震荡市里相对走弱；后段人气股在偏弱环境里更谨慎；v4跌破短均线；v4获利盘结构偏弱；v4主力资金强净流出,v4
2026-05-12,300903,科翔股份,68,观察池,32.4,10,3.57,4.02,6.91,15.53,22.64,8.42,4.16,15.53,19.73,19.73,22.64,当日涨停附近；温和放量；近5日强势延续；市场强势且个股相对强势；v4多头排列技术加分；v4筹码集中加分；v4主力资金净流入,短线涨幅偏高；远离20日线过多；v4乖离率过大；v4远离短中期均线；v4获利盘结构偏弱；涨停封板不可买,v4
2026-05-12,002281,光迅科技,30,不推送,0.0,11,-2.72,-1.75,1.09,0.6,22.48,-2.49,14.59,2.59,5.61,14.59,22.48,人气Top50；温和放量；近5日强势延续；持续霸榜；市场强势且个股相对强势；v4多头排列技术加分；v4筹码集中加分；v4龙虎榜提示关注,短线涨幅偏高；远离20日线过多；热度可能进入后段；人气排名明显回落；上影线偏长；v4乖离率过大；v4远离短中期均线；v4长上影承接转弱；v4正涨但收盘承接一般；v4获利盘结构偏弱；v4主力资金强净流出；v4拉升但资金未跟随,v4
2026-05-06,002709,天赐材料,18,不推送,0.0,15,22.19,20.54,22.26,2.61,22.26,14.32,11.17,11.32,22.26,22.26,22.26,人气Top20；站上20日线且不过热；v4筹码集中加分,当日转弱；收盘承接偏弱；近5日趋势未确认；强势市里个股相对走弱；v4长上影承接转弱；v4跌破短均线；v4获利盘结构偏弱；v4主力资金净流出,v4
2026-05-08,002428,云南锗业,53,不推送,79.4,13,2.82,7.12,7.22,-5.1,22.19,17.94,4.95,1.2,22.11,22.19,22.19,当日强涨；收盘承接较强；温和放量；近5日趋势升温；站上20日线且不过热；连续上榜确认；人气排名明显上升；市场强势且个股相对强势；v4多头排列技术加分；v4筹码集中加分；v4主力资金强净流入,v4乖离率过大；v4远离短中期均线；v4获利盘结构偏弱,v4
2026-05-06,002217,合力泰,14,不推送,59.4,15,10.39,13.64,13.64,-15.91,22.08,15.91,14.94,-7.79,22.08,22.08,22.08,人气Top20；温和放量；近5日趋势升温；站上20日线且不过热；市场强势且个股相对强势；v4多头排列技术加分；v4沿短均线抬升；v4筹码集中加分；v4主力资金强净流入,当日转弱；收盘承接偏弱；v4获利盘结构偏弱,v4
2026-05-07,002580,圣阳股份,26,不推送,17.0,14,1.3,10.0,10.0,-23.0,22.03,14.24,4.71,-10.03,21.0,22.03,22.03,人气Top50；温和放量；站上20日线且不过热；连续上榜确认；v4多头排列技术加分；v4沿短均线抬升；v4筹码集中加分,收盘承接偏弱；上影线偏长；v4长上影承接转弱；v4正涨但收盘承接一般；v4获利盘结构偏弱；v4主力资金净流出；v4拉升但资金未跟随,v4
2026-05-12,000988,华工科技,42,不推送,12.4,11,-2.89,-1.43,-0.37,10.9,21.95,-7.06,9.88,18.15,1.42,10.77,21.95,人气Top50；温和放量；近5日趋势升温；站上20日线且不过热；持续霸榜；市场强势且个股相对强势；v4多头排列技术加分；v4筹码集中加分,当日转弱；收盘承接偏弱；热度可能进入后段；人气排名明显回落；v4短线偏离MA5过多；v4远离短中期均线；v4长上影承接转弱；v4获利盘结构偏弱；v4主力资金强净流出,v4
2026-05-08,600330,天通股份,93,不推送,35.4,13,2.88,10.01,10.01,7.03,21.91,20.27,1.23,0.34,21.06,21.91,21.91,当日上涨；温和放量；近5日趋势升温；站上20日线且不过热；连续上榜确认；市场强势且个股相对强势；v4多头排列技术加分；v4沿短均线抬升；v4筹码集中加分,人气排名明显回落；v4乖离率过大；v4远离短中期均线；v4长上影承接转弱；v4获利盘结构偏弱；v4主力资金净流出；v4拉升但资金未跟随,v4
2026-05-19,002297,博云新材,63,不推送,0.0,6,-0.42,-1.83,-0.17,-1.29,21.83,10.75,9.67,,11.88,21.83,,温和放量；站上20日线且不过热；持续霸榜；v4筹码集中加分,当日转弱；收盘承接偏弱；近5日趋势未确认；热度可能进入后段；人气排名明显回落；震荡市里相对走弱；后段人气股在偏弱环境里更谨慎；v4跌破短均线；v4趋势未转强且热度偏后；v4获利盘结构偏弱；v4主力资金强净流出,v4
2026-05-13,603601,再升科技,17,重点观察,107.4,10,-0.22,-8.3,1.72,18.37,21.75,2.71,-2.6,18.37,2.71,10.63,21.75,人气Top20；当日强涨；收盘承接较强；温和放量；近5日趋势升温；站上20日线且不过热；持续霸榜；人气排名明显上升；市场强势且个股相对强势；v4多头排列技术加分；v4沿短均线抬升；v4筹码集中加分；v4主力资金强净流入,热度可能进入后段；v4远离短中期均线；v4获利盘结构偏弱,v4
2026-05-12,002297,博云新材,40,不推送,0.0,11,-1.29,8.51,10.0,-1.7,21.33,7.26,-0.41,9.21,13.03,13.03,21.33,人气Top50；站上20日线且不过热；持续霸榜；v4筹码集中加分,当日转弱；收盘承接偏弱；近5日趋势未确认；热度可能进入后段；强势市里个股相对走弱；v4趋势未转强且热度偏后；v4获利盘结构偏弱；v4主力资金强净流出,v4
2026-05-15,301696,三瑞智能,84,观察池,70.3,8,3.96,12.62,19.49,-3.83,21.16,14.84,8.51,,21.16,21.16,,当日涨停附近；收在日内高位；温和放量；近5日趋势升温；震荡市里保持相对强势；震荡市里承接未失控；v4多头排列技术加分；v4筹码集中加分；v4主力资金强净流入；v4龙虎榜提示关注,偏离20日线较大；后段人气股在偏弱环境里更谨慎；v4乖离率过大；v4远离短中期均线；v4获利盘结构偏弱；涨停封板不可买,v4
2026-05-14,002281,光迅科技,25,不推送,3.0,9,-1.86,-3.59,-0.0,-0.54,21.1,13.29,6.62,,13.29,21.1,,人气Top50；温和放量；近5日趋势升温；持续霸榜；人气排名明显上升；v4多头排列技术加分；v4筹码集中加分,偏离20日线较大；热度可能进入后段；上影线偏长；弱市先收缩执行；弱市里的长连榜样本优先降权；v4短线偏离MA5过多；v4远离短中期均线；v4长上影承接转弱；v4正涨但收盘承接一般；v4获利盘结构偏弱；v4主力资金净流出；v4拉升但资金未跟随,v4
2026-05-21,000518,四环生物,40,观察池,42.2,4,8.53,10.13,10.13,4.8,21.07,9.07,,,21.07,,,人气Top50；当日涨停附近；收在日内高位；近5日趋势升温；站上20日线且不过热；弱市中个股相对抗跌；v4多头排列技术加分；v4龙虎榜提示关注,放量过猛；v4乖离率过大；v4远离短中期均线；v4放量冲高过热；涨停封板不可买,v4
2026-05-07,002156,通富微电,12,不推送,43.4,14,-1.3,-3.25,-0.81,21.06,21.06,0.68,-2.84,4.54,5.33,5.33,13.2,人气Top20；当日上涨；放量仍可控；近5日趋势升温；站上20日线且不过热；连续上榜确认；市场强势且个股相对强势；v4多头排列技术加分；v4筹码集中加分,v4乖离率过大；v4远离短中期均线；v4正涨但收盘承接一般；v4获利盘结构偏弱；v4主力资金净流出；v4拉升但资金未跟随,v4
2026-05-21,002442,龙星科技,55,观察池,32.55,4,1.63,10.04,10.04,-0.95,21.03,0.27,,,21.03,,,当日涨停附近；收在日内高位；近5日趋势升温；站上20日线且不过热；弱市中个股相对抗跌；v4多头排列技术加分；v4龙虎榜提示关注,放量过猛；后段人气股在偏弱环境里更谨慎；v4乖离率过大；v4远离短中期均线；v4放量冲高过热；涨停封板不可买,v4
2026-05-22,600172,黄河旋风,75,观察池,38.4,2,4.64,10.01,10.01,21.02,21.02,,,,,,,当日涨停附近；收在日内高位；站上20日线且不过热；市场强势且个股相对强势,量能不足；近5日趋势未确认；涨停封板不可买,v4
2026-05-13,002181,粤传媒,57,不推送,0.0,10,1.17,0.0,3.91,-16.2,21.01,-1.01,-19.05,-16.2,21.01,21.01,21.01,温和放量；站上20日线且不过热；v4筹码集中加分,当日转弱；收盘承接偏弱；近5日趋势未确认；强势市里个股相对走弱；v4长上影承接转弱；v4获利盘结构偏弱；v4主力资金强净流出,v4
2026-05-12,600379,宝光股份,34,不推送,5.7,11,-1.69,10.01,10.01,-17.04,21.0,8.55,-12.1,-20.54,21.0,21.0,21.0,人气Top50；温和放量；站上20日线且不过热；持续霸榜；人气排名明显上升；v4筹码集中加分；v4龙虎榜提示关注,当日转弱；收盘承接偏弱；热度可能进入后段；强势市里个股相对走弱；v4趋势未转强且热度偏后；v4获利盘结构偏弱；v4主力资金强净流出,v4
2026-05-15,600726,华电能源,41,观察池,45.95,8,4.19,0.87,8.09,20.95,20.95,-7.08,-9.1,,8.09,8.09,,人气Top50；当日涨停附近；收在日内高位；站上20日线且不过热；持续霸榜；人气排名明显上升；震荡市里保持相对强势；震荡市里承接未失控；v4筹码集中加分,量能不足；近5日趋势未确认；热度可能进入后段；v4趋势未转强且热度偏后；v4获利盘结构偏弱；v4主力资金强净流出；涨停封板不可买,v4
2026-05-13,000811,冰轮环境,86,观察池,71.4,10,0.82,5.85,10.0,6.16,20.94,8.81,16.29,6.16,10.0,20.13,20.94,当日涨停附近；收在日内高位；温和放量；近5日趋势升温；市场强势且个股相对强势；v4多头排列技术加分；v4筹码集中加分；v4主力资金强净流入；v4龙虎榜提示关注,偏离20日线较大；v4乖离率过大；v4远离短中期均线；v4获利盘结构偏弱；涨停封板不可买,v4
2026-05-22,603005,晶方科技,50,不推送,70.4,3,2.68,9.99,9.99,9.89,20.92,9.89,,,20.92,,,人气Top50；当日强涨；收盘承接较强；放量仍可控；近5日趋势升温；站上20日线且不过热；连续上榜确认；人气排名明显上升；市场强势且个股相对强势；v4多头排列技术加分,v4乖离率过大；v4远离短中期均线,v4
2026-05-21,600578,京能电力,3,观察池,98.0,4,-3.18,0.49,8.8,18.58,20.9,12.1,,,20.9,,,人气Top3；当日涨停附近；收在日内高位；温和放量；近5日强势延续；持续霸榜；人气排名明显上升；弱市中个股相对抗跌；v4多头排列技术加分；v4筹码集中加分；v4主力资金强净流入；v4龙虎榜提示关注,短线涨幅偏高；偏离20日线较大；热度可能进入后段；弱市里的长连榜样本优先降权；v4乖离率过大；v4远离短中期均线；v4获利盘结构偏弱；涨停封板不可买,v4
2026-05-06,300042,朗科科技,70,观察池,74.4,13,4.07,5.71,14.21,14.35,20.85,8.63,12.01,17.68,14.21,14.21,20.85,当日涨停附近；收在日内高位；温和放量；近5日强势延续；站上20日线且不过热；市场强势且个股相对强势；v4多头排列技术加分；v4筹码集中加分；v4主力资金强净流入；v4龙虎榜提示关注,短线涨幅偏高；v4乖离率过大；v4远离短中期均线；v4获利盘结构偏弱；涨停封板不可买,v4
2026-05-20,002421,达实智能,15,观察池,54.95,5,2.58,-7.26,10.07,7.26,20.84,12.41,7.26,,12.41,20.84,,人气Top20；当日涨停附近；收在日内高位；近5日强势延续；连续上榜确认；人气排名明显上升；震荡市里保持相对强势；震荡市里承接未失控；v4多头排列技术加分；v4筹码集中加分；v4龙虎榜提示关注,短线涨幅偏高；偏离20日线较大；v4乖离率过大；v4远离短中期均线；v4放量冲高过热；v4获利盘结构偏弱；v4主力资金强净流出；涨停封板不可买,v4
2026-05-11,002491,通鼎互联,39,观察池,53.4,12,7.79,9.99,9.99,-6.56,20.77,8.45,4.22,3.74,20.77,20.77,20.77,人气Top50；当日涨停附近；收在日内高位；近5日强势延续；市场强势且个股相对强势；v4多头排列技术加分；v4筹码集中加分；v4主力资金强净流入,短线涨幅偏高；偏离20日线较大；v4乖离率过大；v4远离短中期均线；v4获利盘结构偏弱；v4事件谨慎扣分（异常波动）；涨停封板不可买,v4
2026-05-21,603629,利通电子,14,普通观察,85.0,4,3.41,8.93,8.93,19.19,20.75,18.0,,,20.75,,,人气Top20；收在日内高位；温和放量；近5日趋势升温；站上20日线且不过热；持续霸榜；人气排名明显上升；弱市中个股相对抗跌；v4多头排列技术加分；v4缩量回踩MA5；v4沿短均线抬升；v4筹码集中加分,当日转弱；热度可能进入后段；弱市里的长连榜样本优先降权；v4获利盘结构偏弱；v4主力资金强净流出,v4
2026-05-12,600545,卓郎智能,79,不推送,2.4,11,0.33,2.95,5.08,20.66,20.66,3.61,-3.28,17.54,13.11,13.11,20.0,放量仍可控；近5日趋势升温；市场强势且个股相对强势；v4多头排列技术加分；v4筹码集中加分,偏离20日线较大；v4乖离率过大；v4远离短中期均线；v4获利盘结构偏弱；v4主力资金强净流出；v4拉升但资金未跟随；v4事件谨慎扣分（异常波动）,v4
2026-05-08,600726,华电能源,47,不推送,3.4,13,-1.2,3.86,5.59,11.45,20.64,12.78,1.46,-16.25,12.78,20.64,20.64,人气Top50；温和放量；近5日趋势升温；连续上榜确认；市场强势且个股相对强势；v4多头排列技术加分；v4筹码集中加分,当日转弱；收盘承接偏弱；偏离20日线较大；v4乖离率过大；v4远离短中期均线；v4长上影承接转弱；v4获利盘结构偏弱；v4主力资金强净流出,v4
2026-05-12,002015,协鑫能科,54,不推送,78.4,11,1.13,10.02,10.02,2.07,20.56,2.12,5.32,1.27,20.56,20.56,20.56,当日上涨；收盘承接较强；温和放量；近5日趋势升温；站上20日线且不过热；连续上榜确认；人气排名明显上升；市场强势且个股相对强势；v4多头排列技术加分；v4筹码集中加分；v4主力资金强净流入,v4短线偏离MA5过多；v4远离短中期均线；v4获利盘结构偏弱,v4
2026-05-07,002081,金螳螂,2,观察池,63.4,13,-9.94,-4.76,0.56,-22.41,20.45,11.76,11.06,-20.03,11.76,18.49,20.45,人气Top3；当日涨停附近；收在日内高位；温和放量；连续上榜确认；市场强势且个股相对强势；v4多头排列技术加分；v4筹码集中加分；v4龙虎榜提示关注,短线涨幅过热；远离20日线过多；v4乖离率过大；v4远离短中期均线；v4获利盘结构偏弱；v4主力资金强净流出；涨停封板不可买,v4
2026-05-20,603629,利通电子,37,不推送,70.95,5,-1.2,-0.31,-0.03,18.82,20.38,12.12,18.82,,15.45,20.38,,人气Top50；当日上涨；收在日内高位；站上20日线且不过热；持续霸榜；震荡市里保持相对强势；震荡市里承接未失控；v4多头排列技术加分；v4沿短均线抬升；v4筹码集中加分；v4主力资金强净流入,热度可能进入后段；v4短线偏离MA5过多；v4获利盘结构偏弱,v4
2026-05-22,600578,京能电力,11,不推送,33.4,3,1.95,9.98,9.98,18.0,20.32,18.0,,,20.32,,,人气Top20；温和放量；近5日趋势升温；持续霸榜；市场强势且个股相对强势；v4多头排列技术加分；v4沿短均线抬升；v4龙虎榜提示关注,偏离20日线较大；热度可能进入后段；上影线偏长；v4短线偏离MA5过多；v4远离短中期均线；v4长上影承接转弱；v4正涨但收盘承接一般,v4
2026-05-18,300657,弘信电子,55,不推送,0.0,7,-1.38,6.98,6.98,-10.17,20.28,0.62,0.45,,20.28,20.28,,放量仍可控；近5日强势延续；震荡市里保持相对强势；v4多头排列技术加分；v4筹码集中加分；v4主力资金强净流入；v4龙虎榜提示关注,当日转弱；收盘承接偏弱；短线涨幅偏高；偏离20日线较大；后段人气股在偏弱环境里更谨慎；v4乖离率过大；v4远离短中期均线；v4获利盘结构偏弱,v4
2026-05-21,600863,华能蒙电,77,不推送,18.55,4,-4.66,-3.41,3.05,20.25,20.25,9.32,,,12.9,,,当日上涨；放量仍可控；近5日趋势升温；站上20日线且不过热；连续上榜确认；v4多头排列技术加分；v4筹码集中加分,人气排名明显回落；弱市先收缩执行；后段人气股在偏弱环境里更谨慎；v4乖离率过大；v4远离短中期均线；v4长上影承接转弱；v4获利盘结构偏弱,v4
2026-05-08,601016,节能风电,86,不推送,0.0,13,-0.2,4.49,7.35,0.41,20.2,14.9,2.65,-5.71,14.9,20.2,20.2,温和放量；站上20日线且不过热；连续上榜确认；v4多头排列技术加分；v4筹码集中加分,当日转弱；收盘承接偏弱；人气排名明显回落；强势市里个股相对走弱；v4短线偏离MA5过多；v4长上影承接转弱；v4获利盘结构偏弱；v4主力资金强净流出,v4
2026-05-14,601991,大唐发电,1,不推送,0.0,9,-2.92,10.0,10.0,7.08,20.0,16.39,-2.08,,20.0,20.0,,人气Top3；近5日强势延续；持续霸榜；v4多头排列技术加分；v4筹码集中加分,当日转弱；收盘承接偏弱；短线涨幅偏高；远离20日线过多；热度可能进入后段；弱市先收缩执行；弱市里的长连榜样本优先降权；v4乖离率过大；v4远离短中期均线；v4获利盘结构偏弱；v4主力资金强净流出；v4事件谨慎扣分（风险提示）,v4
2026-05-22,688981,中芯国际,98,不推送,59.4,3,3.56,18.78,20.0,11.34,20.0,11.34,,,20.0,,,当日上涨；收盘承接较强；温和放量；近5日趋势升温；站上20日线且不过热；市场强势且个股相对强势；v4多头排列技术加分,人气排名明显回落；v4短线偏离MA5过多,v4
2026-05-11,600488,津药药业,81,观察池,67.4,12,0.76,10.0,10.0,-21.97,20.0,18.03,-4.39,-20.61,20.0,20.0,20.0,当日涨停附近；收在日内高位；温和放量；近5日趋势升温；站上20日线且不过热；市场强势且个股相对强势；v4筹码集中加分；v4主力资金强净流入,v4乖离率过大；v4远离短中期均线；v4获利盘结构偏弱；涨停封板不可买,v4
2026-05-21,603459,红板科技,38,不推送,62.2,4,1.55,10.0,10.0,8.33,19.94,17.65,,,19.94,,,人气Top50；当日上涨；温和放量；近5日趋势升温；站上20日线且不过热；连续上榜确认；人气排名明显上升；v4多头排列技术加分；v4沿短均线抬升；v4筹码集中加分；v4主力资金强净流入；v4龙虎榜提示关注,弱市先收缩执行；v4乖离率过大；v4远离短中期均线；v4获利盘结构偏弱,v4
2026-05-19,000021,深科技,20,不推送,42.3,6,1.88,0.48,6.16,16.75,19.8,0.16,13.49,,6.16,19.8,,人气Top20；放量仍可控；近5日趋势升温；站上20日线且不过热；连续上榜确认；震荡市里保持相对强势；v4多头排列技术加分；v4筹码集中加分,v4乖离率过大；v4远离短中期均线；v4获利盘结构偏弱；v4主力资金净流出；v4拉升但资金未跟随,v4
2026-05-22,603256,宏和科技,100,观察池,56.4,3,5.1,10.0,10.0,12.89,19.77,12.89,,,19.77,,,当日涨停附近；收在日内高位；温和放量；近5日趋势升温；站上20日线且不过热；市场强势且个股相对强势,v4乖离率过大；v4远离短中期均线；涨停封板不可买,v4
2026-05-14,300776,帝尔激光,39,观察池,41.2,9,0.0,2.91,9.87,19.66,19.66,1.21,3.08,,9.87,15.47,,人气Top50；当日涨停附近；温和放量；近5日强势延续；v4多头排列技术加分；v4筹码集中加分；v4主力资金强净流入,短线涨幅偏高；偏离20日线较大；弱市先收缩执行；v4乖离率过大；v4远离短中期均线；v4获利盘结构偏弱；涨停封板不可买,v4
2026-05-19,600578,京能电力,2,不推送,40.95,6,-3.02,-10.04,-2.18,17.29,19.59,-0.6,10.88,,7.62,19.59,,人气Top3；当日强涨；收盘承接较强；放量仍可控；连续上榜确认；人气排名明显上升；震荡市里保持相对强势；震荡市里承接未失控；v4多头排列技术加分；v4筹码集中加分；v4龙虎榜活跃,短线涨幅过热；远离20日线过多；v4乖离率过大；v4远离短中期均线；v4放量冲高过热；v4获利盘结构偏弱；v4主力资金强净流出；v4事件谨慎扣分（风险提示/异常波动）,v4
2026-05-11,688256,寒武纪,74,不推送,60.4,12,-0.0,6.49,7.78,11.67,19.58,5.05,1.42,17.21,12.5,12.5,19.58,收盘承接较强；温和放量；近5日强势延续；站上20日线且不过热；连续上榜确认；市场强势且个股相对强势；v4多头排列技术加分；v4筹码集中加分；v4主力资金净流入,短线涨幅偏高；v4远离短中期均线；v4获利盘结构偏弱,v4
2026-05-08,603601,再升科技,38,不推送,39.4,13,2.01,0.0,3.35,19.5,19.5,0.95,-5.75,7.77,3.69,3.69,11.68,人气Top50；当日上涨；温和放量；近5日趋势升温；站上20日线且不过热；连续上榜确认；人气排名明显上升；市场强势且个股相对强势；v4多头排列技术加分；v4筹码集中加分,v4乖离率过大；v4远离短中期均线；v4长上影承接转弱；v4正涨但收盘承接一般；v4获利盘结构偏弱；v4主力资金净流出；v4拉升但资金未跟随,v4
2026-05-11,603601,再升科技,70,不推送,28.4,12,0.28,-5.75,0.5,19.5,19.5,-7.43,3.69,7.65,3.69,3.69,16.03,温和放量；近5日趋势升温；站上20日线且不过热；连续上榜确认；市场强势且个股相对强势；v4多头排列技术加分；v4沿短均线抬升；v4筹码集中加分,收盘承接偏弱；人气排名明显回落；v4短线偏离MA5过多；v4远离短中期均线；v4获利盘结构偏弱；v4主力资金强净流出,v4
2026-05-07,002463,沪电股份,94,不推送,54.4,14,-1.44,1.24,3.71,19.47,19.47,1.21,-0.34,-3.43,3.71,6.59,6.59,收盘承接较强；温和放量；站上20日线且不过热；市场强势且个股相对强势；v4多头排列技术加分；v4筹码集中加分；v4主力资金强净流入,v4短线偏离MA5过多；v4获利盘结构偏弱,v4
2026-05-22,300394,天孚通信,64,观察池,67.4,3,0.11,6.51,6.78,15.06,19.37,15.06,,,19.37,,,当日涨停附近；收在日内高位；温和放量；站上20日线且不过热；人气排名明显上升；市场强势且个股相对强势；v4筹码集中加分,近5日趋势未确认；v4获利盘结构偏弱；涨停封板不可买,v4
2026-05-07,600703,三安光电,99,不推送,43.4,14,-1.25,0.92,2.05,9.71,19.15,10.44,15.26,3.7,12.29,19.15,19.15,当日上涨；收盘承接较强；温和放量；站上20日线且不过热；连续上榜确认；市场强势且个股相对强势；v4筹码集中加分；v4主力资金净流入,人气排名明显回落；v4乖离率过大；v4获利盘结构偏弱,v4
2026-05-07,600726,华电能源,33,观察池,75.4,14,2.5,-1.31,7.88,9.99,19.05,1.18,5.12,-18.66,7.88,19.05,19.05,人气Top50；当日涨停附近；收在日内高位；近5日趋势升温；连续上榜确认；人气排名明显上升；市场强势且个股相对强势；v4多头排列技术加分；v4筹码集中加分；v4主力资金强净流入,偏离20日线较大；v4乖离率过大；v4远离短中期均线；v4获利盘结构偏弱；涨停封板不可买,v4
2026-05-08,300136,信维通信,54,不推送,3.4,13,5.38,14.04,15.05,10.54,19.05,12.19,-1.72,17.45,16.6,16.6,19.05,近5日趋势升温；站上20日线且不过热；连续上榜确认；市场强势且个股相对强势；v4多头排列技术加分；v4筹码集中加分,当日转弱；v4乖离率过大；v4远离短中期均线；v4长上影承接转弱；v4获利盘结构偏弱；v4主力资金强净流出,v4
2026-05-08,300283,温州宏丰,37,观察池,59.4,13,3.12,-6.48,5.95,0.59,18.96,1.3,-7.13,9.07,8.6,8.6,18.96,人气Top50；当日涨停附近；收在日内高位；温和放量；近5日强势延续；市场强势且个股相对强势；v4多头排列技术加分；v4筹码集中加分；v4主力资金强净流入；v4龙虎榜提示关注,短线涨幅偏高；远离20日线过多；v4乖离率过大；v4远离短中期均线；v4获利盘结构偏弱；v4事件谨慎扣分（异常波动）；涨停封板不可买,v4
2026-05-06,002466,天齐锂业,93,不推送,0.0,15,18.11,16.32,18.51,-5.13,18.92,13.83,9.43,0.28,18.92,18.92,18.92,站上20日线且不过热；v4筹码集中加分,近5日趋势未确认；强势市里个股相对走弱；v4获利盘结构偏弱；v4主力资金净流出；v4拉升但资金未跟随,v4
2026-05-19,603601,再升科技,36,不推送,34.3,6,-0.44,-2.17,-0.11,18.9,18.9,7.23,11.62,,7.28,15.45,,人气Top50；温和放量；近5日趋势升温；站上20日线且不过热；连续上榜确认；震荡市里保持相对强势；v4多头排列技术加分；v4筹码集中加分；v4龙虎榜提示关注,当日转弱；收盘承接偏弱；v4长上影承接转弱；v4获利盘结构偏弱；v4主力资金强净流出,v4
2026-05-11,001309,德明利,90,不推送,55.4,12,-1.35,-3.32,-0.89,4.03,18.9,12.9,14.99,8.73,15.69,18.9,18.9,当日上涨；收盘承接较强；温和放量；近5日趋势升温；站上20日线且不过热；市场强势且个股相对强势；v4多头排列技术加分；v4筹码集中加分；v4主力资金强净流入,人气排名明显回落；v4乖离率过大；v4远离短中期均线；v4获利盘结构偏弱,v4
2026-05-11,603278,大业股份,28,不推送,2.4,12,-2.93,2.8,5.6,-17.07,18.89,0.46,11.21,-13.09,9.58,18.89,18.89,人气Top50；近5日强势延续；站上20日线且不过热；市场强势且个股相对强势；v4多头排列技术加分；v4筹码集中加分；v4龙虎榜提示关注,短线涨幅偏高；v4乖离率过大；v4远离短中期均线；v4正涨但收盘承接一般；v4获利盘结构偏弱；v4主力资金强净流出；v4拉升但资金未跟随,v4
2026-05-18,000021,深科技,28,观察池,83.95,7,0.0,1.73,3.65,18.77,18.77,-1.78,11.13,,7.99,12.07,,人气Top50；当日涨停附近；收在日内高位；近5日趋势升温；站上20日线且不过热；人气排名明显上升；震荡市里保持相对强势；震荡市里承接未失控；v4多头排列技术加分；v4沿短均线抬升；v4筹码集中加分；v4主力资金强净流入；v4龙虎榜提示关注,v4乖离率过大；v4远离短中期均线；v4获利盘结构偏弱；涨停封板不可买,v4
2026-05-15,002185,华天科技,61,观察池,70.3,8,-15.73,-13.44,-11.31,18.74,18.74,-6.42,-9.07,,-1.12,-1.12,,当日涨停附近；收在日内高位；温和放量；近5日趋势升温；站上20日线且不过热；人气排名明显上升；震荡市里保持相对强势；震荡市里承接未失控；v4多头排列技术加分；v4筹码集中加分,后段人气股在偏弱环境里更谨慎；v4乖离率过大；v4远离短中期均线；v4获利盘结构偏弱；v4主力资金净流出；涨停封板不可买,v4
2026-05-12,300502,新易盛,65,不推送,41.4,11,-1.25,6.16,6.46,17.3,18.74,2.96,-3.38,18.14,10.33,10.33,18.74,当日上涨；温和放量；近5日趋势升温；站上20日线且不过热；持续霸榜；人气排名明显上升；市场强势且个股相对强势；v4筹码集中加分；v4主力资金强净流入,热度可能进入后段；v4乖离率过大；v4远离短中期均线；v4趋势未转强且热度偏后；v4获利盘结构偏弱,v4
2026-05-18,002185,华天科技,42,观察池,99.95,7,-14.56,-9.84,-9.02,18.74,18.74,-10.49,0.0,,-1.12,0.0,,人气Top50；当日涨停附近；收在日内高位；温和放量；近5日趋势升温；站上20日线且不过热；连续上榜确认；人气排名明显上升；震荡市里保持相对强势；震荡市里承接未失控；v4多头排列技术加分；v4筹码集中加分；v4主力资金强净流入,v4乖离率过大；v4远离短中期均线；v4获利盘结构偏弱；涨停封板不可买,v4
2026-05-25,002185,华天科技,11,观察池,84.4,2,10.02,10.02,10.02,18.74,18.74,,,,,,,人气Top20；当日涨停附近；收在日内高位；近5日趋势升温；站上20日线且不过热；持续霸榜；人气排名明显上升；市场强势且个股相对强势；v4多头排列技术加分；v4沿短均线抬升；v4龙虎榜提示关注,热度可能进入后段；v4乖离率过大；v4远离短中期均线；涨停封板不可买,v4
2026-05-06,002185,华天科技,57,观察池,44.4,15,-18.39,-17.86,-17.62,18.74,18.74,-13.14,-13.79,-6.42,-13.08,-12.79,-1.12,当日涨停附近；收在日内高位；放量仍可控；近5日强势延续；市场强势且个股相对强势；v4多头排列技术加分；v4筹码集中加分；v4主力资金净流入,短线涨幅偏高；偏离20日线较大；v4乖离率过大；v4远离短中期均线；v4放量冲高过热；v4获利盘结构偏弱；涨停封板不可买,v4
2026-05-07,600105,永鼎股份,11,不推送,69.4,14,-3.01,5.09,6.25,2.06,18.67,10.1,13.62,-2.59,17.82,18.67,18.67,人气Top20；当日强涨；收盘承接较强；温和放量；站上20日线且不过热；首次上榜即强势；市场强势且个股相对强势；v4筹码集中加分；v4主力资金强净流入,近5日趋势未确认；v4乖离率过大；v4获利盘结构偏弱,v4
2026-05-19,002407,多氟多,39,不推送,23.3,6,-1.32,10.0,10.0,-3.24,18.65,15.44,-1.92,,18.65,18.65,,人气Top50；温和放量；近5日趋势升温；站上20日线且不过热；连续上榜确认；震荡市里保持相对强势；v4筹码集中加分,当日转弱；人气排名明显回落；v4短线偏离MA5过多；v4长上影承接转弱；v4趋势未转强且热度偏后；v4获利盘结构偏弱；v4主力资金净流出,v4
2026-05-11,002081,金螳螂,2,不推送,64.4,11,2.48,10.07,10.07,-23.59,18.62,9.38,-2.48,-18.76,16.69,18.62,18.62,人气Top3；当日上涨；温和放量；近5日强势延续；连续上榜确认；人气排名明显上升；市场强势且个股相对强势；v4多头排列技术加分；v4筹码集中加分；v4主力资金净流入；v4事件催化加分（中标/重大合同）,短线涨幅偏高；远离20日线过多；v4乖离率过大；v4远离短中期均线；v4获利盘结构偏弱,v4
2026-05-19,600186,莲花控股,17,观察池,99.95,6,0.35,-4.58,2.51,2.68,18.51,1.64,14.1,,2.51,18.51,,人气Top20；当日涨停附近；收在日内高位；温和放量；近5日趋势升温；站上20日线且不过热；人气排名明显上升；震荡市里保持相对强势；震荡市里承接未失控；v4多头排列技术加分；v4筹码集中加分；v4主力资金强净流入,v4乖离率过大；v4远离短中期均线；v4获利盘结构偏弱；涨停封板不可买,v4
2026-05-08,002600,领益智造,62,不推送,49.4,13,0.07,1.0,1.73,2.99,18.51,1.86,12.28,8.23,1.92,18.51,18.51,当日上涨；收盘承接较强；放量仍可控；近5日趋势升温；站上20日线且不过热；市场强势且个股相对强势；v4筹码集中加分；v4主力资金强净流入,v4乖离率过大；v4获利盘结构偏弱,v4
2026-05-08,300570,太辰光,89,不推送,57.4,13,0.94,10.3,13.12,-0.09,18.45,10.01,-1.05,-0.42,18.45,18.45,18.45,当日强涨；温和放量；近5日趋势升温；站上20日线且不过热；市场强势且个股相对强势；v4多头排列技术加分；v4筹码集中加分；v4主力资金强净流入,v4乖离率过大；v4远离短中期均线；v4获利盘结构偏弱,v4
2026-05-11,300604,长川科技,55,观察池,64.4,12,0.72,-2.44,0.73,0.82,18.44,-4.37,-4.23,13.55,4.39,4.39,18.44,当日涨停附近；收在日内高位；温和放量；近5日强势延续；市场强势且个股相对强势；v4多头排列技术加分；v4筹码集中加分；v4主力资金强净流入；v4龙虎榜提示关注,短线涨幅偏高；偏离20日线较大；v4乖离率过大；v4远离短中期均线；v4获利盘结构偏弱；涨停封板不可买,v4
2026-05-06,002131,利欧股份,64,不推送,0.0,15,6.55,10.3,11.39,-7.49,18.41,8.58,6.71,8.11,13.1,13.1,18.41,v4筹码集中加分；v4主力资金强净流入,当日转弱；收盘承接偏弱；近5日趋势未确认；仍在20日线下方；强势市里个股相对走弱；v4跌破短均线；v4获利盘结构偏弱,v4
2026-05-18,002131,利欧股份,31,不推送,0.0,7,6.4,15.44,18.41,-7.49,18.41,3.43,0.16,,18.41,18.41,,人气Top50；温和放量；人气排名明显上升；v4筹码集中加分；v4主力资金强净流入,当日转弱；收盘承接偏弱；近5日趋势未确认；仍在20日线下方；震荡市里相对走弱；v4跌破短均线；v4获利盘结构偏弱,v4
2026-05-22,002421,达实智能,15,观察池,73.4,3,5.28,10.09,10.09,5.05,18.35,5.05,,,18.35,,,人气Top20；当日涨停附近；收在日内高位；温和放量；近5日强势延续；持续霸榜；市场强势且个股相对强势；v4多头排列技术加分；v4龙虎榜提示关注,短线涨幅偏高；偏离20日线较大；热度可能进入后段；v4乖离率过大；v4远离短中期均线；涨停封板不可买,v4
2026-05-18,001393,维通利,48,不推送,0.0,7,-5.15,-3.51,3.38,-24.23,18.35,-5.29,-22.69,,18.35,18.35,,人气Top50；连续上榜确认；v4筹码集中加分；v4主力资金净流入,当日转弱；收盘承接偏弱；仍在20日线下方；人气排名明显回落；震荡市里相对走弱；v4长上影承接转弱；v4跌破短均线；v4获利盘结构偏弱,v4
2026-05-21,002297,博云新材,47,不推送,28.2,4,-0.08,7.57,8.66,-4.13,18.33,6.52,,,18.33,,,人气Top50；当日上涨；温和放量；站上20日线且不过热；人气排名明显上升；v4筹码集中加分；v4龙虎榜提示关注,近5日趋势未确认；弱市先收缩执行；v4长上影承接转弱；v4获利盘结构偏弱,v4
2026-05-21,600611,大众交通,7,观察池,64.2,4,10.05,10.05,10.05,-7.18,18.31,-0.54,,,18.31,,,人气Top10；当日涨停附近；收在日内高位；近5日趋势升温；站上20日线且不过热；首次上榜即强势；弱市中个股相对抗跌；v4多头排列技术加分；v4龙虎榜提示关注,放量过猛；v4乖离率过大；v4远离短中期均线；v4放量冲高过热；涨停封板不可买,v4
2026-05-08,603618,杭电股份,48,观察池,76.4,13,4.2,-0.85,6.33,-4.84,18.29,4.81,-3.24,7.74,9.62,9.62,18.29,人气Top50；当日涨停附近；收在日内高位；温和放量；近5日强势延续；连续上榜确认；市场强势且个股相对强势；v4多头排列技术加分；v4筹码集中加分；v4主力资金净流入；v4龙虎榜提示关注,短线涨幅偏高；偏离20日线较大；v4乖离率过大；v4远离短中期均线；v4获利盘结构偏弱；涨停封板不可买,v4
2026-05-06,301599,理奇智能,83,观察池,23.4,13,-5.02,1.45,4.19,-8.79,18.22,2.24,-10.66,13.28,5.06,5.06,18.22,当日涨停附近；温和放量；站上20日线且不过热；市场强势且个股相对强势；v4筹码集中加分；v4主力资金净流入,上影线偏长；v4乖离率过大；v4长上影承接转弱；v4正涨但收盘承接一般；v4获利盘结构偏弱；涨停封板不可买,v4
2026-05-08,001896,豫能控股,100,不推送,0.0,13,2.13,2.44,7.01,-4.08,18.22,8.23,-7.43,-3.96,13.77,18.22,18.22,站上20日线且不过热；v4筹码集中加分,当日转弱；收盘承接偏弱；强势市里个股相对走弱；v4长上影承接转弱；v4获利盘结构偏弱；v4主力资金强净流出,v4
2026-05-11,300308,中际旭创,29,普通观察,93.4,12,2.22,8.28,8.8,18.21,18.21,14.66,11.15,16.26,15.82,16.99,16.99,人气Top50；当日上涨；收在日内高位；温和放量；近5日趋势升温；站上20日线且不过热；连续上榜确认；人气排名明显上升；市场强势且个股相对强势；v4多头排列技术加分；v4筹码集中加分；v4主力资金强净流入,v4乖离率过大；v4获利盘结构偏弱,v4
2026-05-22,002463,沪电股份,28,观察池,78.4,3,6.09,7.43,8.55,12.47,18.16,12.47,,,18.16,,,人气Top50；当日涨停附近；收在日内高位；温和放量；近5日趋势升温；站上20日线且不过热；人气排名明显上升；市场强势且个股相对强势；v4龙虎榜提示关注,v4乖离率过大；涨停封板不可买,v4
2026-05-22,603986,兆易创新,6,不推送,78.4,3,2.0,10.01,10.02,9.87,18.13,9.87,,,18.13,,,人气Top10；当日强涨；收盘承接较强；温和放量；近5日趋势升温；持续霸榜；人气排名明显上升；市场强势且个股相对强势；v4多头排列技术加分,偏离20日线较大；热度可能进入后段；v4乖离率过大；v4远离短中期均线,v4
2026-05-19,300394,天孚通信,81,不推送,20.65,6,-0.75,-1.1,1.65,18.07,18.07,2.62,12.06,,3.31,12.95,,温和放量；近5日趋势升温；站上20日线且不过热；持续霸榜；震荡市里保持相对强势；v4筹码集中加分,当日转弱；热度可能进入后段；后段人气股在偏弱环境里更谨慎；v4趋势未转强且热度偏后；v4获利盘结构偏弱；v4主力资金强净流出,v4
2026-05-08,600703,三安光电,70,不推送,51.4,13,2.23,4.97,6.87,8.7,18.06,10.21,5.76,6.02,12.24,18.06,18.06,收盘承接较强；温和放量；近5日趋势升温；站上20日线且不过热；连续上榜确认；人气排名明显上升；市场强势且个股相对强势；v4筹码集中加分；v4主力资金净流入,v4乖离率过大；v4趋势未转强且热度偏后；v4获利盘结构偏弱,v4
2026-05-08,688256,寒武纪,60,不推送,28.4,13,1.56,1.48,1.98,13.32,18.05,11.36,2.24,8.75,11.36,14.16,18.05,温和放量；近5日强势延续；站上20日线且不过热；连续上榜确认；市场强势且个股相对强势；v4多头排列技术加分；v4筹码集中加分；v4主力资金净流入,当日转弱；收盘承接偏弱；短线涨幅偏高；v4远离短中期均线；v4获利盘结构偏弱,v4
2026-05-08,002181,粤传媒,79,不推送,16.4,13,0.0,3.87,4.63,-18.26,18.04,-2.45,7.3,-25.07,8.99,8.99,18.04,温和放量；近5日强势延续；站上20日线且不过热；连续上榜确认；市场强势且个股相对强势；v4多头排列技术加分；v4筹码集中加分,当日转弱；短线涨幅偏高；人气排名明显回落；v4乖离率过大；v4远离短中期均线；v4获利盘结构偏弱；v4主力资金净流出,v4
2026-05-07,601016,节能风电,21,不推送,39.4,14,-1.4,-1.8,2.2,-1.4,18.04,2.61,2.2,-9.82,7.21,18.04,18.04,人气Top50；当日上涨；温和放量；近5日趋势升温；站上20日线且不过热；连续上榜确认；市场强势且个股相对强势；v4多头排列技术加分；v4筹码集中加分,v4乖离率过大；v4远离短中期均线；v4获利盘结构偏弱；v4主力资金强净流出；v4拉升但资金未跟随；v4事件风险扣分（问询）,v4
2026-05-22,000725,京东方A,1,观察池,71.4,3,0.19,2.13,4.07,10.85,18.02,10.85,,,18.02,,,人气Top3；当日涨停附近；收在日内高位；近5日趋势升温；站上20日线且不过热；连续上榜确认；市场强势且个股相对强势；v4多头排列技术加分；v4龙虎榜提示关注,放量过猛；v4乖离率过大；v4远离短中期均线；v4放量冲高过热；v4事件谨慎扣分（风险提示）；涨停封板不可买,v4
2026-05-21,603601,再升科技,23,重点观察,101.2,4,-2.1,6.4,6.45,17.98,17.98,10.76,,,14.56,,,人气Top50；当日上涨；收在日内高位；温和放量；近5日趋势升温；站上20日线且不过热；人气排名明显上升；弱市中个股相对抗跌；v4多头排列技术加分；v4缩量回踩MA5；v4靠近MA10承接；v4筹码集中加分,v4获利盘结构偏弱；v4主力资金净流出,v4
2026-05-22,300502,新易盛,57,不推送,47.4,3,2.2,8.61,8.78,14.54,17.84,14.54,,,17.84,,,当日强涨；收盘承接较强；温和放量；站上20日线且不过热；人气排名明显上升；市场强势且个股相对强势,近5日趋势未确认；v4短线偏离MA5过多,v4
2026-05-12,600726,华电能源,12,不推送,49.4,11,-3.12,10.0,10.0,8.7,17.66,-1.04,-9.09,-1.17,17.66,17.66,17.66,人气Top20；温和放量；近5日趋势升温；持续霸榜；人气排名明显上升；市场强势且个股相对强势；v4多头排列技术加分；v4沿短均线抬升；v4筹码集中加分,当日转弱；偏离20日线较大；热度可能进入后段；v4远离短中期均线；v4获利盘结构偏弱；v4主力资金净流出,v4
2026-05-07,002475,立讯精密,31,重点观察,104.4,14,-2.0,2.55,3.68,2.98,17.64,11.03,8.46,-2.37,13.32,17.64,17.64,人气Top50；当日上涨；收盘承接较强；温和放量；站上20日线且不过热；连续上榜确认；人气排名明显上升；市场强势且个股相对强势；v4多头排列技术加分；v4缩量回踩MA5；v4靠近MA10承接；v4筹码集中加分；v4主力资金强净流入；v4事件催化加分（回购）,近5日趋势未确认；v4获利盘结构偏弱,v4
2026-05-26,300223,北京君正,97,不推送,49.3,1,15.14,6.96,17.63,6.96,17.63,,,,,,,当日上涨；收盘承接较强；放量仍可控；近5日趋势升温；站上20日线且不过热；震荡市里保持相对强势；震荡市里承接未失控；v4多头排列技术加分,后段人气股在偏弱环境里更谨慎；v4乖离率过大,v4
2026-05-13,300394,天孚通信,46,观察池,69.4,10,4.32,3.65,7.5,13.33,17.57,1.79,-5.08,13.33,9.49,9.49,17.57,人气Top50；当日涨停附近；收盘承接较强；温和放量；近5日趋势升温；站上20日线且不过热；市场强势且个股相对强势；v4筹码集中加分；v4主力资金强净流入,v4乖离率过大；v4远离短中期均线；v4获利盘结构偏弱；涨停封板不可买,v4
2026-05-07,002407,多氟多,49,不推送,22.4,14,-1.34,-6.83,1.98,-4.18,17.51,-8.62,-11.75,9.26,1.98,1.98,17.51,人气Top50；近5日趋势升温；站上20日线且不过热；连续上榜确认；市场强势且个股相对强势；v4多头排列技术加分；v4沿短均线抬升；v4筹码集中加分,当日转弱；v4短线偏离MA5过多；v4远离短中期均线；v4长上影承接转弱；v4获利盘结构偏弱；v4主力资金强净流出,v4
2026-05-20,603618,杭电股份,30,不推送,12.4,5,15.87,6.34,17.51,-5.47,17.51,0.21,-5.47,,17.51,17.51,,人气Top50；温和放量；站上20日线且不过热；人气排名明显上升；v4筹码集中加分；v4主力资金强净流入,当日转弱；收盘承接偏弱；近5日趋势未确认；震荡市里相对走弱；v4获利盘结构偏弱,v4
2026-05-20,603538,美诺华,93,不推送,0.0,5,11.97,13.81,17.37,-0.51,17.37,-1.5,-0.51,,17.37,17.37,,温和放量；v4筹码集中加分；v4主力资金强净流入,当日转弱；收盘承接偏弱；近5日趋势未确认；仍在20日线下方；震荡市里相对走弱；后段人气股在偏弱环境里更谨慎；v4跌破短均线；v4获利盘结构偏弱,v4
2026-05-13,601991,大唐发电,1,观察池,48.4,10,10.04,-2.31,10.04,4.61,17.23,7.6,2.31,4.61,10.18,17.23,17.23,人气Top3；当日涨停附近；收在日内高位；持续霸榜；人气排名明显上升；市场强势且个股相对强势；v4多头排列技术加分；v4筹码集中加分；v4主力资金净流入,量能不足；短线涨幅过热；远离20日线过多；热度可能进入后段；v4乖离率过大；v4远离短中期均线；v4获利盘结构偏弱；v4事件谨慎扣分（异常波动）；涨停封板不可买,v4
2026-05-18,601991,大唐发电,2,不推送,79.95,7,7.6,13.7,17.23,4.61,17.23,-4.34,0.41,,17.23,17.23,,人气Top3；当日上涨；收盘承接较强；温和放量；近5日趋势升温；持续霸榜；震荡市里保持相对强势；震荡市里承接未失控；v4多头排列技术加分；v4筹码集中加分,偏离20日线较大；热度可能进入后段；v4远离短中期均线；v4获利盘结构偏弱；v4主力资金强净流出,v4
2026-05-06,601991,大唐发电,6,不推送,22.4,15,-32.43,-31.61,-31.61,4.61,17.23,-17.37,0.0,2.31,-17.37,0.0,17.23,人气Top10；当日上涨；收盘承接较强；市场强势且个股相对强势；v4多头排列技术加分；v4筹码集中加分；v4主力资金强净流入；v4龙虎榜活跃,放量过猛；短线涨幅过热；远离20日线过多；v4乖离率过大；v4远离短中期均线；v4获利盘结构偏弱,v4
2026-05-06,002202,金风科技,28,不推送,0.0,15,12.97,15.04,15.93,-4.61,17.18,13.82,12.37,2.26,17.18,17.18,17.18,人气Top50；v4筹码集中加分,当日转弱；收盘承接偏弱；近5日趋势未确认；强势市里个股相对走弱；v4跌破短均线；v4获利盘结构偏弱；v4主力资金强净流出；v4事件风险扣分（减持）,v4
2026-05-20,600021,上海电力,63,观察池,57.3,5,0.27,-2.71,2.33,11.6,17.07,0.49,11.6,,2.87,17.07,,当日涨停附近；收在日内高位；温和放量；站上20日线且不过热；连续上榜确认；震荡市里保持相对强势；震荡市里承接未失控；v4筹码集中加分,人气排名明显回落；后段人气股在偏弱环境里更谨慎；v4短线偏离MA5过多；v4获利盘结构偏弱；v4主力资金强净流出；涨停封板不可买,v4
2026-05-15,600759,ST洲际,42,不推送,0.0,8,17.06,17.06,17.06,-0.79,17.06,16.67,5.16,,17.06,17.06,,人气Top50；收在日内高位；v4筹码集中加分,当日转弱；近5日趋势未确认；仍在20日线下方；震荡市里相对走弱；v4跌破短均线；v4获利盘结构偏弱；v4主力资金强净流出；v4事件谨慎扣分（异常波动）,v4
2026-05-18,001896,豫能控股,80,不推送,0.0,7,-1.42,9.54,9.54,6.5,17.05,10.76,14.48,,12.58,17.05,,持续霸榜；v4筹码集中加分,当日转弱；收盘承接偏弱；近5日趋势未确认；仍在20日线下方；热度可能进入后段；人气排名明显回落；震荡市里相对走弱；后段人气股在偏弱环境里更谨慎；v4长上影承接转弱；v4跌破短均线；v4趋势未转强且热度偏后；v4获利盘结构偏弱；v4主力资金强净流出,v4
2026-05-19,300274,阳光电源,92,不推送,34.65,6,0.61,6.24,8.58,16.97,16.97,4.53,13.73,,9.93,15.5,,当日上涨；温和放量；近5日趋势升温；站上20日线且不过热；连续上榜确认；震荡市里保持相对强势；v4多头排列技术加分；v4筹码集中加分；v4主力资金强净流入,上影线偏长；后段人气股在偏弱环境里更谨慎；v4乖离率过大；v4远离短中期均线；v4长上影承接转弱；v4正涨但收盘承接一般；v4获利盘结构偏弱,v4
2026-05-08,601138,工业富联,40,不推送,0.0,13,1.45,4.06,4.09,10.75,16.94,11.95,6.86,6.13,11.95,16.94,16.94,人气Top50；站上20日线且不过热；连续上榜确认；v4筹码集中加分,当日转弱；收盘承接偏弱；近5日趋势未确认；强势市里个股相对走弱；v4长上影承接转弱；v4跌破短均线；v4趋势未转强且热度偏后；v4获利盘结构偏弱；v4主力资金强净流出,v4
2026-05-12,601208,东材科技,38,不推送,66.4,11,-1.29,4.97,5.8,10.58,16.93,-3.53,1.21,12.8,5.8,5.8,16.93,人气Top50；当日上涨；收盘承接较强；温和放量；近5日趋势升温；站上20日线且不过热；人气排名明显上升；市场强势且个股相对强势；v4多头排列技术加分；v4筹码集中加分,v4短线偏离MA5过多；v4远离短中期均线；v4获利盘结构偏弱；v4主力资金净流出,v4
2026-05-11,002156,通富微电,26,不推送,67.4,12,0.0,-2.84,0.1,16.82,16.82,-6.24,-5.15,13.98,0.1,0.1,13.98,人气Top50；当日强涨；温和放量；近5日趋势升温；站上20日线且不过热；连续上榜确认；人气排名明显上升；市场强势且个股相对强势；v4多头排列技术加分；v4筹码集中加分；v4主力资金净流入,v4乖离率过大；v4远离短中期均线；v4长上影承接转弱；v4获利盘结构偏弱,v4
2026-05-06,002428,云南锗业,21,不推送,13.4,15,-14.47,-10.93,-9.5,-9.28,16.8,2.4,12.74,1.07,2.49,16.73,16.8,人气Top50；温和放量；近5日趋势升温；市场强势且个股相对强势；v4多头排列技术加分；v4筹码集中加分；v4主力资金强净流入；v4龙虎榜提示关注,当日转弱；收盘承接偏弱；偏离20日线较大；v4乖离率过大；v4远离短中期均线；v4长上影承接转弱；v4获利盘结构偏弱,v4
2026-05-15,600396,华电辽能,2,重点观察,95.95,8,3.77,-1.32,7.86,16.79,16.79,-8.55,-8.43,,7.86,7.86,,人气Top3；当日强涨；收在日内高位；温和放量；近5日强势延续；持续霸榜；震荡市里保持相对强势；震荡市里承接未失控；v4多头排列技术加分；v4筹码集中加分；v4龙虎榜活跃,短线涨幅偏高；偏离20日线较大；热度可能进入后段；v4远离短中期均线；v4获利盘结构偏弱；v4主力资金净流出,v4
2026-05-18,600396,华电辽能,7,不推送,75.95,7,-11.01,1.57,6.29,16.79,16.79,-10.5,0.75,,6.29,6.29,,人气Top10；当日强涨；收在日内高位；温和放量；近5日趋势升温；持续霸榜；震荡市里保持相对强势；震荡市里承接未失控；v4筹码集中加分,偏离20日线较大；热度可能进入后段；v4远离短中期均线；v4获利盘结构偏弱；v4主力资金强净流出,v4
2026-05-06,600396,华电辽能,3,不推送,55.4,15,-31.38,-24.53,-24.53,16.79,16.79,-13.96,4.15,-8.55,-13.96,4.15,14.15,人气Top3；当日强涨；收在日内高位；首次上榜即强势；市场强势且个股相对强势；v4多头排列技术加分；v4筹码集中加分；v4主力资金强净流入,短线涨幅过热；远离20日线过多；v4乖离率过大；v4远离短中期均线；v4获利盘结构偏弱,v4
2026-05-12,002080,中材科技,45,不推送,58.4,11,-2.56,1.39,2.86,7.21,16.78,-1.83,-2.59,12.5,8.96,8.96,16.78,人气Top50；当日上涨；收盘承接较强；温和放量；近5日趋势升温；站上20日线且不过热；市场强势且个股相对强势；v4多头排列技术加分；v4筹码集中加分,v4短线偏离MA5过多；v4远离短中期均线；v4获利盘结构偏弱；v4主力资金强净流出,v4
2026-05-21,002036,联创电子,34,观察池,76.2,4,7.8,10.04,10.04,7.05,16.77,15.17,,,16.77,,,人气Top50；当日涨停附近；收在日内高位；放量仍可控；近5日趋势升温；站上20日线且不过热；弱市中个股相对抗跌；v4多头排列技术加分,v4乖离率过大；涨停封板不可买,v4
2026-05-15,002031,巨轮智能,7,不推送,72.3,8,10.34,8.49,16.71,-12.6,16.71,0.0,-1.86,,16.71,16.71,,人气Top10；温和放量；近5日趋势升温；站上20日线且不过热；连续上榜确认；人气排名明显上升；震荡市里保持相对强势；v4多头排列技术加分；v4沿短均线抬升；v4筹码集中加分；v4主力资金强净流入；v4龙虎榜提示关注,当日转弱；收盘承接偏弱；v4远离短中期均线；v4获利盘结构偏弱,v4
2026-05-18,600759,ST洲际,11,不推送,2.4,7,11.11,11.11,11.11,-0.79,16.67,10.71,0.0,,16.67,16.67,,人气Top20；收在日内高位；连续上榜确认；人气排名明显上升；v4筹码集中加分,当日转弱；近5日趋势未确认；仍在20日线下方；震荡市里相对走弱；v4跌破短均线；v4获利盘结构偏弱；v4主力资金强净流出,v4
2026-05-18,000988,华工科技,17,观察池,90.95,7,2.5,7.48,8.35,8.48,16.66,4.46,16.66,,15.95,16.66,,人气Top20；当日涨停附近；收在日内高位；站上20日线且不过热；持续霸榜；人气排名明显上升；震荡市里保持相对强势；震荡市里承接未失控；v4多头排列技术加分；v4筹码集中加分；v4主力资金强净流入；v4龙虎榜提示关注,近5日趋势未确认；热度可能进入后段；v4短线偏离MA5过多；v4获利盘结构偏弱；涨停封板不可买,v4
2026-05-07,601208,东材科技,57,观察池,66.4,14,2.41,2.08,5.69,15.7,16.63,4.63,2.46,5.58,5.85,10.7,16.63,当日涨停附近；收在日内高位；温和放量；近5日强势延续；站上20日线且不过热；市场强势且个股相对强势；v4多头排列技术加分；v4筹码集中加分；v4主力资金强净流入,短线涨幅偏高；v4乖离率过大；v4远离短中期均线；v4获利盘结构偏弱；v4事件风险扣分（减持）；涨停封板不可买,v4
2026-05-22,600186,莲花控股,30,观察池,78.4,3,2.55,10.04,10.04,1.02,16.6,1.02,,,16.6,,,人气Top50；当日涨停附近；收在日内高位；近5日趋势升温；站上20日线且不过热；连续上榜确认；人气排名明显上升；市场强势且个股相对强势；v4多头排列技术加分；v4沿短均线抬升,v4乖离率过大；v4远离短中期均线；涨停封板不可买,v4
2026-05-11,002008,大族激光,24,观察池,84.4,12,-0.05,0.29,4.14,-2.06,16.58,11.16,3.18,6.09,16.58,16.58,16.58,人气Top50；当日涨停附近；收在日内高位；温和放量；近5日强势延续；连续上榜确认；人气排名明显上升；市场强势且个股相对强势；v4多头排列技术加分；v4筹码集中加分；v4主力资金强净流入；v4龙虎榜提示关注,短线涨幅偏高；偏离20日线较大；v4乖离率过大；v4远离短中期均线；v4获利盘结构偏弱；涨停封板不可买,v4
2026-05-08,600589,大位科技,71,观察池,48.4,13,4.64,4.08,7.75,-13.19,16.55,8.39,2.72,2.96,10.23,16.55,16.55,当日涨停附近；收在日内高位；放量仍可控；近5日强势延续；站上20日线且不过热；市场强势且个股相对强势；v4筹码集中加分；v4主力资金强净流入；v4龙虎榜提示关注,短线涨幅偏高；v4乖离率过大；v4远离短中期均线；v4放量冲高过热；v4获利盘结构偏弱；涨停封板不可买,v4
2026-05-20,688146,中船特气,82,观察池,30.65,5,-1.4,-9.94,-0.62,9.16,16.54,-5.39,9.16,,-0.62,16.54,,当日涨停附近；近5日趋势升温；人气排名明显上升；震荡市里保持相对强势；v4多头排列技术加分；v4筹码集中加分；v4主力资金净流入,量能不足；远离20日线过多；后段人气股在偏弱环境里更谨慎；v4远离短中期均线；v4获利盘结构偏弱；涨停封板不可买,v4
2026-05-07,600379,宝光股份,23,不推送,0.0,14,-1.4,-6.16,-1.4,-20.11,16.53,-3.7,6.11,-25.43,7.56,16.53,16.53,人气Top50；近5日强势延续；连续上榜确认；市场强势且个股相对强势；v4多头排列技术加分；v4筹码集中加分；v4龙虎榜提示关注,当日转弱；收盘承接偏弱；短线涨幅偏高；偏离20日线较大；v4乖离率过大；v4远离短中期均线；v4获利盘结构偏弱；v4主力资金强净流出；v4事件谨慎扣分（风险提示）,v4
2026-05-11,000988,华工科技,22,普通观察,83.4,12,-0.39,-2.3,1.99,8.35,16.52,-6.89,-0.12,16.52,1.99,1.99,16.52,人气Top50；当日强涨；收盘承接较强；温和放量；近5日趋势升温；站上20日线且不过热；连续上榜确认；人气排名明显上升；市场强势且个股相对强势；v4多头排列技术加分；v4筹码集中加分；v4主力资金净流入,v4乖离率过大；v4远离短中期均线；v4获利盘结构偏弱,v4
2026-05-15,600522,中天科技,12,不推送,4.4,8,3.0,8.04,9.83,-4.01,16.52,11.63,7.72,,16.52,16.52,,人气Top20；温和放量；站上20日线且不过热；持续霸榜；v4筹码集中加分,当日转弱；收盘承接偏弱；近5日趋势未确认；热度可能进入后段；震荡市里相对走弱；v4获利盘结构偏弱；v4主力资金强净流出,v4
2026-05-21,002931,锋龙股份,48,观察池,65.2,4,1.6,9.99,9.99,-0.17,16.39,10.93,,,16.39,,,人气Top50；当日涨停附近；收在日内高位；放量仍可控；近5日趋势升温；弱市中个股相对抗跌；v4龙虎榜提示关注,v4短线偏离MA5过多；涨停封板不可买,v4
2026-05-06,300750,宁德时代,59,不推送,0.0,14,16.33,12.08,16.33,-0.11,16.33,10.71,7.72,2.93,16.33,16.33,16.33,v4筹码集中加分；v4主力资金强净流入,收盘承接偏弱；量能不足；近5日趋势未确认；强势市里个股相对走弱；v4正涨但收盘承接一般；v4获利盘结构偏弱,v4
2026-05-15,603778,国晟科技,83,不推送,0.0,8,0.47,4.47,6.0,-11.95,16.28,15.86,11.12,,16.28,16.28,,v4筹码集中加分,当日转弱；收盘承接偏弱；近5日趋势未确认；仍在20日线下方；人气排名明显回落；震荡市里相对走弱；后段人气股在偏弱环境里更谨慎；v4长上影承接转弱；v4跌破短均线；v4获利盘结构偏弱；v4主力资金强净流出,v4
2026-05-19,688008,澜起科技,51,不推送,4.65,6,0.0,4.12,6.02,7.44,16.28,10.0,10.19,,16.28,16.28,,收盘承接较强；站上20日线且不过热；震荡市里保持相对强势；v4筹码集中加分,当日转弱；后段人气股在偏弱环境里更谨慎；v4获利盘结构偏弱；v4主力资金强净流出,v4
2026-05-20,002812,恩捷股份,29,不推送,0.0,5,16.28,10.07,16.28,3.95,16.28,0.14,3.95,,16.28,16.28,,人气Top50；温和放量；v4筹码集中加分；v4主力资金净流入,当日转弱；收盘承接偏弱；近5日趋势未确认；仍在20日线下方；震荡市里相对走弱；v4跌破短均线；v4获利盘结构偏弱,v4
2026-05-15,002580,圣阳股份,17,不推送,0.0,8,15.64,9.16,16.26,-4.95,16.26,8.17,7.64,,16.26,16.26,,人气Top20；持续霸榜；v4筹码集中加分；v4龙虎榜提示关注,当日转弱；收盘承接偏弱；近5日趋势未确认；仍在20日线下方；热度可能进入后段；震荡市里相对走弱；v4跌破短均线；v4获利盘结构偏弱；v4主力资金强净流出,v4
2026-05-11,002297,博云新材,48,不推送,21.4,12,-1.47,-4.17,-0.16,-5.81,16.26,-0.95,0.91,16.26,6.28,8.31,16.26,人气Top50；温和放量；近5日趋势升温；连续上榜确认；市场强势且个股相对强势；v4多头排列技术加分；v4沿短均线抬升；v4筹码集中加分,当日转弱；收盘承接偏弱；偏离20日线较大；人气排名明显回落；v4远离短中期均线；v4获利盘结构偏弱；v4主力资金强净流出,v4
2026-05-07,300136,信维通信,45,不推送,59.4,14,-0.64,-0.3,1.51,10.22,16.26,7.53,0.85,7.78,16.26,16.26,16.26,人气Top50；当日上涨；温和放量；近5日趋势升温；连续上榜确认；人气排名明显上升；市场强势且个股相对强势；v4多头排列技术加分；v4筹码集中加分；v4主力资金强净流入,偏离20日线较大；v4乖离率过大；v4远离短中期均线；v4获利盘结构偏弱,v4
2026-05-12,002008,大族激光,92,不推送,0.0,11,2.72,10.02,10.02,-2.34,16.24,6.43,1.73,0.74,16.24,16.24,16.24,温和放量；近5日强势延续；连续上榜确认；市场强势且个股相对强势；v4多头排列技术加分；v4筹码集中加分,短线涨幅偏高；偏离20日线较大；人气排名明显回落；v4乖离率过大；v4远离短中期均线；v4长上影承接转弱；v4正涨但收盘承接一般；v4获利盘结构偏弱；v4主力资金强净流出；v4拉升但资金未跟随；v4事件谨慎扣分（异常波动）,v4
2026-05-11,600726,华电能源,43,不推送,49.4,12,-1.03,-1.28,2.56,7.31,16.15,2.56,-10.51,-11.28,16.15,16.15,16.15,人气Top50；当日上涨；收盘承接较强；温和放量；近5日趋势升温；连续上榜确认；市场强势且个股相对强势；v4多头排列技术加分；v4筹码集中加分,偏离20日线较大；v4乖离率过大；v4远离短中期均线；v4获利盘结构偏弱；v4主力资金强净流出,v4
2026-05-08,605222,起帆电缆,92,不推送,71.4,13,-0.4,8.03,9.66,-16.45,16.13,10.43,0.16,-3.59,16.13,16.13,16.13,当日强涨；收盘承接较强；温和放量；近5日趋势升温；站上20日线且不过热；市场强势且个股相对强势；v4多头排列技术加分；v4沿短均线抬升；v4筹码集中加分；v4主力资金强净流入,v4乖离率过大；v4远离短中期均线；v4获利盘结构偏弱,v4
2026-05-08,002183,怡亚通,81,不推送,7.4,13,4.1,5.12,9.08,-5.12,16.11,11.57,4.98,1.61,11.57,16.11,16.11,当日上涨；近5日趋势升温；站上20日线且不过热；市场强势且个股相对强势；v4多头排列技术加分；v4筹码集中加分,放量过猛；v4乖离率过大；v4远离短中期均线；v4获利盘结构偏弱；v4主力资金净流出；v4拉升但资金未跟随,v4
2026-05-20,001896,豫能控股,90,不推送,0.0,5,-0.2,9.79,9.79,5.57,16.03,13.48,5.57,,16.03,16.03,,持续霸榜；v4筹码集中加分,当日转弱；收盘承接偏弱；近5日趋势未确认；仍在20日线下方；热度可能进入后段；人气排名明显回落；震荡市里相对走弱；后段人气股在偏弱环境里更谨慎；v4跌破短均线；v4趋势未转强且热度偏后；v4获利盘结构偏弱；v4主力资金强净流出,v4
2026-05-18,002617,露笑科技,69,不推送,2.65,7,-1.11,4.77,7.43,15.96,15.96,-1.44,6.21,,7.43,7.43,,温和放量；近5日趋势升温；站上20日线且不过热；连续上榜确认；震荡市里保持相对强势；v4筹码集中加分,当日转弱；收盘承接偏弱；人气排名明显回落；后段人气股在偏弱环境里更谨慎；v4长上影承接转弱；v4趋势未转强且热度偏后；v4获利盘结构偏弱；v4主力资金强净流出,v4
2026-05-15,002709,天赐材料,39,不推送,0.0,8,7.91,7.43,9.92,2.61,15.93,11.32,11.48,,13.63,15.93,,人气Top50；持续霸榜；v4筹码集中加分；v4主力资金强净流入,当日转弱；收盘承接偏弱；近5日趋势未确认；仍在20日线下方；热度可能进入后段；震荡市里相对走弱；v4长上影承接转弱；v4跌破短均线；v4趋势未转强且热度偏后；v4获利盘结构偏弱,v4
2026-05-20,002709,天赐材料,6,不推送,2.4,5,11.36,10.77,15.93,2.61,15.93,1.86,2.61,,15.93,15.93,,人气Top10；温和放量；持续霸榜；人气排名明显上升；v4筹码集中加分；v4主力资金强净流入,当日转弱；收盘承接偏弱；近5日趋势未确认；仍在20日线下方；热度可能进入后段；震荡市里相对走弱；v4长上影承接转弱；v4跌破短均线；v4获利盘结构偏弱,v4
2026-05-25,600396,华电辽能,9,观察池,84.4,2,0.0,5.37,9.86,15.92,15.92,,,,,,,人气Top10；当日涨停附近；收在日内高位；温和放量；站上20日线且不过热；持续霸榜；人气排名明显上升；市场强势且个股相对强势,热度可能进入后段；v4乖离率过大；涨停封板不可买,v4
2026-05-21,000417,合百集团,79,不推送,0.0,4,5.26,9.99,9.99,-9.88,15.9,0.11,,,15.9,,,近5日趋势升温；连续上榜确认；v4多头排列技术加分；v4筹码集中加分；v4龙虎榜提示关注,当日转弱；收盘承接偏弱；放量过猛；偏离20日线较大；弱市先收缩执行；后段人气股在偏弱环境里更谨慎；v4乖离率过大；v4远离短中期均线；v4获利盘结构偏弱；v4主力资金强净流出,v4
2026-05-08,600522,中天科技,7,重点观察,105.4,13,9.98,7.24,10.0,-4.52,15.89,6.6,0.22,7.14,12.91,12.91,15.89,人气Top10；当日上涨；收在日内高位；温和放量；近5日趋势升温；站上20日线且不过热；连续上榜确认；人气排名明显上升；市场强势且个股相对强势；v4多头排列技术加分；v4筹码集中加分；v4主力资金净流入；v4龙虎榜活跃；v4事件催化加分（回购）,v4乖离率过大；v4远离短中期均线；v4获利盘结构偏弱,v4
2026-05-22,600745,*ST闻泰,19,不推送,0.0,3,1.17,5.0,5.0,15.74,15.74,15.74,,,15.74,,,人气Top20；放量仍可控；持续霸榜；v4事件催化加分（增持）,当日转弱；收盘承接偏弱；近5日趋势未确认；仍在20日线下方；热度可能进入后段；强势市里个股相对走弱；v4长上影承接转弱；v4跌破短均线,v4
2026-05-08,601179,中国西电,98,不推送,0.0,13,0.06,5.29,6.69,-3.55,15.71,10.65,-0.29,-5.47,15.71,15.71,15.71,温和放量；站上20日线且不过热；v4筹码集中加分；v4事件催化加分（中标/重大合同）,当日转弱；收盘承接偏弱；近5日趋势未确认；强势市里个股相对走弱；v4跌破短均线；v4获利盘结构偏弱；v4主力资金强净流出,v4
2026-05-07,002181,粤传媒,13,不推送,13.4,14,-0.64,-1.98,1.71,-19.87,15.71,-0.37,-4.38,-27.08,2.56,6.84,15.71,人气Top20；当日上涨；温和放量；近5日强势延续；连续上榜确认；市场强势且个股相对强势；v4多头排列技术加分；v4筹码集中加分,短线涨幅偏高；偏离20日线较大；上影线偏长；v4乖离率过大；v4远离短中期均线；v4长上影承接转弱；v4正涨但收盘承接一般；v4获利盘结构偏弱；v4主力资金强净流出；v4拉升但资金未跟随；v4事件谨慎扣分（异常波动）,v4
2026-05-12,603278,大业股份,69,不推送,35.4,11,-3.93,-3.11,2.09,-19.33,15.65,7.48,4.37,-10.39,7.48,15.65,15.65,收盘承接较强；放量仍可控；近5日强势延续；站上20日线且不过热；连续上榜确认；市场强势且个股相对强势；v4多头排列技术加分；v4筹码集中加分；v4龙虎榜活跃,短线涨幅偏高；人气排名明显回落；v4乖离率过大；v4远离短中期均线；v4获利盘结构偏弱；v4主力资金净流出,v4
2026-05-08,605358,立昂微,30,观察池,72.4,13,3.0,0.32,3.08,13.05,15.59,5.36,3.26,4.5,9.36,9.36,15.59,人气Top50；当日涨停附近；收在日内高位；温和放量；近5日强势延续；市场强势且个股相对强势；v4多头排列技术加分；v4筹码集中加分；v4主力资金强净流入；v4龙虎榜提示关注,短线涨幅偏高；偏离20日线较大；v4乖离率过大；v4远离短中期均线；v4获利盘结构偏弱；涨停封板不可买,v4
2026-05-22,600707,彩虹股份,73,不推送,30.4,3,0.0,4.5,7.03,7.48,15.59,7.48,,,15.59,,,温和放量；站上20日线且不过热；连续上榜确认；市场强势且个股相对强势；v4多头排列技术加分；v4沿短均线抬升,当日转弱；人气排名明显回落；v4长上影承接转弱,v4
2026-05-06,000620,盈新发展,72,观察池,61.4,15,-1.62,0.97,5.19,-8.44,15.58,1.95,3.25,6.49,5.19,5.19,15.58,当日涨停附近；收在日内高位；温和放量；近5日趋势升温；站上20日线且不过热；市场强势且个股相对强势；v4筹码集中加分；v4主力资金强净流入,一字或近似一字，参与点差；v4乖离率过大；v4远离短中期均线；v4获利盘结构偏弱；一字板不可买,v4
2026-05-18,002580,圣阳股份,26,不推送,0.0,7,11.64,13.5,15.56,-4.95,15.56,11.06,-0.17,,15.56,15.56,,人气Top50；持续霸榜；v4筹码集中加分；v4龙虎榜提示关注,当日转弱；收盘承接偏弱；近5日趋势未确认；仍在20日线下方；热度可能进入后段；震荡市里相对走弱；v4跌破短均线；v4趋势未转强且热度偏后；v4获利盘结构偏弱；v4主力资金强净流出,v4
2026-05-06,001309,德明利,22,不推送,12.4,15,-8.35,-6.3,-3.79,1.07,15.51,-2.85,3.32,5.78,-1.97,3.32,15.51,人气Top50；温和放量；近5日强势延续；市场强势且个股相对强势；v4多头排列技术加分；v4筹码集中加分；v4主力资金强净流入；v4龙虎榜提示关注,当日转弱；收盘承接偏弱；短线涨幅偏高；偏离20日线较大；v4乖离率过大；v4远离短中期均线；v4获利盘结构偏弱,v4
2026-05-11,920186,中科仪,68,观察池,25.4,10,3.62,2.1,8.19,-8.17,15.47,2.75,14.56,-8.17,14.54,15.47,15.47,当日涨停附近；收在日内高位；市场强势且个股相对强势；v4筹码集中加分；v4主力资金强净流入；v4龙虎榜提示关注,短线涨幅过热；偏离20日线较大；v4乖离率过大；v4远离短中期均线；v4获利盘结构偏弱；涨停封板不可买,v4
2026-05-15,600118,中国卫星,92,不推送,0.0,8,10.17,12.4,15.45,-4.91,15.45,0.15,-1.21,,15.45,15.45,,连续上榜确认；v4筹码集中加分,当日转弱；近5日趋势未确认；仍在20日线下方；人气排名明显回落；震荡市里相对走弱；后段人气股在偏弱环境里更谨慎；v4长上影承接转弱；v4跌破短均线；v4获利盘结构偏弱；v4主力资金强净流出,v4
2026-05-11,001896,豫能控股,95,不推送,0.0,12,0.0,1.01,3.87,-6.37,15.41,0.06,-12.43,0.65,15.41,15.41,15.41,温和放量；站上20日线且不过热；连续上榜确认；v4筹码集中加分；v4主力资金净流入,收盘承接偏弱；近5日趋势未确认；上影线偏长；强势市里个股相对走弱；v4长上影承接转弱；v4正涨但收盘承接一般；v4获利盘结构偏弱,v4
2026-05-21,603115,海星股份,69,不推送,17.55,4,1.0,10.0,10.0,6.94,15.38,-2.78,,,15.38,,,当日强涨；收盘承接较强；温和放量；弱市中个股相对抗跌；v4多头排列技术加分；v4龙虎榜活跃,短线涨幅过热；远离20日线过多；后段人气股在偏弱环境里更谨慎；v4乖离率过大；v4远离短中期均线,v4
2026-05-07,300476,胜宏科技,83,不推送,64.4,14,-1.49,6.09,8.56,12.2,15.36,11.05,4.96,-1.97,13.82,15.36,15.36,当日上涨；温和放量；近5日趋势升温；站上20日线且不过热；市场强势且个股相对强势；v4多头排列技术加分；v4沿短均线抬升；v4筹码集中加分；v4主力资金净流入,v4短线偏离MA5过多；v4获利盘结构偏弱,v4
2026-05-07,601138,工业富联,30,不推送,37.7,14,-1.84,-1.4,0.03,9.19,15.3,0.34,6.89,2.06,2.68,15.3,15.3,人气Top50；温和放量；站上20日线且不过热；连续上榜确认；v4筹码集中加分；v4主力资金净流入,近5日趋势未确认；强势市里个股相对走弱；v4获利盘结构偏弱,v4
2026-05-11,688008,澜起科技,41,观察池,33.4,12,-3.36,-3.42,-1.4,6.53,15.3,6.36,-0.49,13.99,13.15,13.15,15.3,人气Top50；当日涨停附近；收盘承接较强；温和放量；人气排名明显上升；市场强势且个股相对强势；v4多头排列技术加分；v4筹码集中加分,短线涨幅过热；远离20日线过多；v4乖离率过大；v4远离短中期均线；v4获利盘结构偏弱；v4主力资金净流出；涨停封板不可买,v4
2026-05-20,002617,露笑科技,96,不推送,28.65,5,0.32,-5.73,0.64,10.92,15.27,1.59,10.92,,2.33,15.27,,近5日趋势升温；站上20日线且不过热；持续霸榜；震荡市里保持相对强势；v4多头排列技术加分；v4沿短均线抬升；v4筹码集中加分；v4主力资金净流入,当日转弱；热度可能进入后段；人气排名明显回落；后段人气股在偏弱环境里更谨慎；v4长上影承接转弱；v4获利盘结构偏弱,v4
2026-05-14,002929,润建股份,69,不推送,0.0,9,1.43,7.01,10.0,-10.46,15.18,12.52,-6.97,,15.18,15.18,,放量仍可控；近5日趋势升温；连续上榜确认；人气排名明显上升；v4多头排列技术加分；v4筹码集中加分；v4龙虎榜提示关注,当日转弱；收盘承接偏弱；偏离20日线较大；弱市先收缩执行；后段人气股在偏弱环境里更谨慎；v4乖离率过大；v4远离短中期均线；v4获利盘结构偏弱；v4主力资金强净流出,v4
2026-05-14,002031,巨轮智能,20,不推送,33.2,9,-4.06,9.95,9.95,-13.74,15.18,9.69,-4.97,,15.18,15.18,,人气Top20；当日上涨；放量仍可控；近5日趋势升温；站上20日线且不过热；v4多头排列技术加分；v4筹码集中加分；v4主力资金强净流入,上影线偏长；弱市先收缩执行；v4短线偏离MA5过多；v4远离短中期均线；v4长上影承接转弱；v4正涨但收盘承接一般；v4获利盘结构偏弱,v4
2026-05-14,300136,信维通信,40,不推送,0.0,9,1.26,-2.83,2.21,9.29,15.12,8.29,6.87,,14.14,15.12,,人气Top50；温和放量；站上20日线且不过热；v4筹码集中加分,当日转弱；收盘承接偏弱；弱市先收缩执行；v4获利盘结构偏弱；v4主力资金强净流出,v4
2026-05-08,002222,福晶科技,59,观察池,74.4,13,5.32,0.42,5.32,-7.38,15.11,7.46,-2.24,-2.48,9.93,15.11,15.11,当日涨停附近；收在日内高位；温和放量；近5日强势延续；站上20日线且不过热；市场强势且个股相对强势；v4多头排列技术加分；v4筹码集中加分；v4主力资金强净流入；v4龙虎榜提示关注,短线涨幅偏高；v4乖离率过大；v4远离短中期均线；v4获利盘结构偏弱；涨停封板不可买,v4
2026-05-06,002015,协鑫能科,31,不推送,13.4,15,-8.44,-7.54,-6.11,-2.56,15.09,-8.94,5.03,-5.93,-2.56,5.03,15.09,人气Top50；当日上涨；温和放量；近5日趋势升温；站上20日线且不过热；市场强势且个股相对强势；v4筹码集中加分；v4主力资金强净流入,收盘承接偏弱；上影线偏长；v4乖离率过大；v4远离短中期均线；v4长上影承接转弱；v4正涨但收盘承接一般；v4获利盘结构偏弱,v4
2026-05-12,601016,节能风电,46,不推送,42.4,11,-1.95,9.96,9.96,-3.91,15.04,-1.76,0.2,-9.57,15.04,15.04,15.04,人气Top50；温和放量；近5日趋势升温；站上20日线且不过热；持续霸榜；市场强势且个股相对强势；v4多头排列技术加分；v4筹码集中加分,热度可能进入后段；人气排名明显回落；v4短线偏离MA5过多；v4长上影承接转弱；v4获利盘结构偏弱；v4主力资金强净流出,v4
2026-05-11,601016,节能风电,12,不推送,65.4,12,-1.76,0.0,4.49,-3.91,15.04,-0.39,-2.54,-6.64,15.04,15.04,15.04,人气Top20；当日上涨；温和放量；近5日趋势升温；站上20日线且不过热；连续上榜确认；人气排名明显上升；市场强势且个股相对强势；v4多头排列技术加分；v4筹码集中加分；v4主力资金强净流入,v4乖离率过大；v4远离短中期均线；v4长上影承接转弱；v4获利盘结构偏弱；v4事件风险扣分（问询）,v4
