signal_date,code,name,rank,popularity_score,source,capture_type,snapshot_time,first_seen_date,appearance_count,consecutive_days,previous_rank,rank_change,price_status,price_date,open,close,high,low,volume,day_return_pct,pre3_return_pct,pre5_return_pct,close_position,volume_ratio_5,dist_ma5_pct,dist_ma10_pct,dist_ma20_pct,dist_high60_pct,upper_shadow_pct,limit_up_like,one_word_like,price_lag_days,emotion_score,push_level,is_pushed,reasons,risks,suggested_action,strategy_version,market_regime,market_score,market_1d_pct,market_5d_pct,market_lag_days,market_price_date,market_source,sh_1d_pct,sz_1d_pct,cyb_1d_pct,sh_5d_pct,sz_5d_pct,cyb_5d_pct,relative_1d_pct,relative_5d_pct
2026-05-06,002149,西部材料,19,10459.0,10jqka,intraday_1430,2026-05-06 14:30:00,2026-05-06,1,1,,,ok,2026-05-06,65.42,69.86,69.86,65.02,683660.0,10.0,23.43,20.66,1.0,0.89,14.3,13.87,26.56,0.0,0.0,True,False,0,138.0,强推观察,True,人气Top20；当日涨停附近；收在日内高位；温和放量；近5日趋势升温；站上20日线且不过热；首次上榜即强势；v2强势延续修正；v2低分涨停修正；v3尾盘涨停延续；v3尾盘缩量强承接；v3热点早段优先,-,尾盘版：只看临近收盘仍强承接的票，次日高开先看兑现，分歧后还能回封或稳住再留。,v3,强势,74.04,1.97,2.76,0,2026-05-06,common_index_cache,1.17,2.33,2.75,1.97,3.48,3.01,8.03,17.9
2026-05-06,600396,华电辽能,3,19654.0,10jqka,intraday_1430,2026-05-06 14:30:00,2026-05-06,1,1,,,ok,2026-05-06,10.08,10.91,10.91,10.08,3208602.0,9.98,1.02,18.59,1.0,0.9,4.54,14.04,28.7,-3.45,0.0,True,False,0,136.0,强推观察,True,人气Top3；当日涨停附近；收在日内高位；温和放量；近5日趋势升温；首次上榜即强势；v2强势延续修正；v2低分涨停修正；v3尾盘涨停延续；v3尾盘缩量强承接,偏离20日线较大,尾盘版：只看临近收盘仍强承接的票，次日高开先看兑现，分歧后还能回封或稳住再留。,v3,强势,74.04,1.97,2.76,0,2026-05-06,common_index_cache,1.17,2.33,2.75,1.97,3.48,3.01,8.01,15.83
2026-05-06,601991,大唐发电,6,14125.0,10jqka,intraday_1430,2026-05-06 14:30:00,2026-05-06,1,1,,,ok,2026-05-06,4.58,4.58,4.58,4.51,3298102.0,10.1,13.37,12.53,1.0,1.52,8.43,10.04,14.64,-8.22,0.0,True,False,0,124.0,强推观察,True,人气Top10；当日涨停附近；收在日内高位；温和放量；近5日趋势升温；站上20日线且不过热；首次上榜即强势；v2强势延续修正；v2低分涨停修正；v3热点早段优先,-,尾盘版：只看临近收盘仍强承接的票，次日高开先看兑现，分歧后还能回封或稳住再留。,v3,强势,74.04,1.97,2.76,0,2026-05-06,common_index_cache,1.17,2.33,2.75,1.97,3.48,3.01,8.13,9.77
2026-05-06,002217,合力泰,14,11926.0,10jqka,intraday_1430,2026-05-06 14:30:00,2026-05-06,1,1,,,ok,2026-05-06,3.03,3.18,3.18,3.02,5650844.0,10.03,6.71,18.22,1.0,0.63,5.44,8.16,17.93,-2.45,0.0,True,False,0,124.0,强推观察,True,人气Top20；当日涨停附近；收在日内高位；近5日趋势升温；站上20日线且不过热；首次上榜即强势；v2强势延续修正；v2低分涨停修正；v3尾盘涨停延续；v3尾盘缩量强承接；v3热点早段优先,-,尾盘版：只看临近收盘仍强承接的票，次日高开先看兑现，分歧后还能回封或稳住再留。,v3,强势,74.04,1.97,2.76,0,2026-05-06,common_index_cache,1.17,2.33,2.75,1.97,3.48,3.01,8.06,15.46
2026-05-06,002044,美年健康,50,5972.0,10jqka,intraday_1430,2026-05-06 14:30:00,2026-05-06,1,1,,,ok,2026-05-06,5.8,5.97,5.97,5.8,1265822.0,9.94,15.25,15.25,1.0,0.87,10.43,11.65,11.28,-21.86,0.0,True,False,0,124.0,强推观察,True,人气Top50；当日涨停附近；收在日内高位；温和放量；近5日趋势升温；站上20日线且不过热；v2强势延续修正；v2低分涨停修正；v3尾盘涨停延续；v3尾盘缩量强承接；v3热点早段优先,-,尾盘版：只看临近收盘仍强承接的票，次日高开先看兑现，分歧后还能回封或稳住再留。,v3,强势,74.04,1.97,2.76,0,2026-05-06,common_index_cache,1.17,2.33,2.75,1.97,3.48,3.01,7.97,12.49
2026-05-06,000815,美利云,35,7100.0,10jqka,intraday_1430,2026-05-06 14:30:00,2026-05-06,1,1,,,ok,2026-05-06,20.51,20.92,20.92,20.51,819855.0,9.99,4.13,9.13,1.0,0.92,5.09,3.04,3.0,-9.44,0.0,True,False,0,118.0,强推观察,True,人气Top50；当日涨停附近；收在日内高位；温和放量；近5日趋势升温；站上20日线且不过热；v2强势延续修正；v3尾盘涨停延续；v3尾盘缩量强承接；v3热点早段优先,-,尾盘版：只看临近收盘仍强承接的票，次日高开先看兑现，分歧后还能回封或稳住再留。,v3,强势,74.04,1.97,2.76,0,2026-05-06,common_index_cache,1.17,2.33,2.75,1.97,3.48,3.01,8.02,6.37
2026-05-06,603986,兆易创新,23,8966.0,10jqka,intraday_1430,2026-05-06 14:30:00,2026-05-06,1,1,,,ok,2026-05-06,330.0,344.29,344.29,330.0,423426.0,10.0,11.96,15.65,1.0,1.04,9.15,11.41,19.7,0.0,0.0,True,False,0,114.0,强推观察,True,人气Top50；当日涨停附近；收在日内高位；温和放量；近5日趋势升温；站上20日线且不过热；v2强势延续修正；v2低分涨停修正；v3尾盘涨停延续；v3热点早段优先,-,尾盘版：只看临近收盘仍强承接的票，次日高开先看兑现，分歧后还能回封或稳住再留。,v3,强势,74.04,1.97,2.76,0,2026-05-06,common_index_cache,1.17,2.33,2.75,1.97,3.48,3.01,8.03,12.89
2026-05-06,000338,潍柴动力,37,6809.0,10jqka,intraday_1430,2026-05-06 14:30:00,2026-05-06,1,1,,,ok,2026-05-06,34.18,34.32,34.32,34.01,1230508.0,10.0,14.1,15.99,1.0,1.09,10.42,16.04,23.3,0.0,0.0,True,False,0,114.0,强推观察,True,人气Top50；当日涨停附近；收在日内高位；温和放量；近5日趋势升温；站上20日线且不过热；v2强势延续修正；v2低分涨停修正；v3尾盘涨停延续；v3热点早段优先,-,尾盘版：只看临近收盘仍强承接的票，次日高开先看兑现，分歧后还能回封或稳住再留。,v3,强势,74.04,1.97,2.76,0,2026-05-06,common_index_cache,1.17,2.33,2.75,1.97,3.48,3.01,8.03,13.23
2026-05-06,603538,美诺华,26,8305.0,10jqka,intraday_1430,2026-05-06 14:30:00,2026-05-06,1,1,,,ok,2026-05-06,64.65,68.5,68.71,62.66,561796.0,9.67,13.94,18.96,0.965,0.96,9.5,18.03,29.12,-0.31,0.035,True,False,0,108.0,强推观察,True,人气Top50；当日涨停附近；收在日内高位；温和放量；近5日趋势升温；v2强势延续修正；v2低分涨停修正；v3尾盘涨停延续；v3尾盘缩量强承接,偏离20日线较大,尾盘版：只看临近收盘仍强承接的票，次日高开先看兑现，分歧后还能回封或稳住再留。,v3,强势,74.04,1.97,2.76,0,2026-05-06,common_index_cache,1.17,2.33,2.75,1.97,3.48,3.01,7.7,16.2
2026-05-06,002580,圣阳股份,16,11316.0,10jqka,intraday_1430,2026-05-06 14:30:00,2026-05-06,1,1,,,ok,2026-05-06,27.95,29.78,29.83,27.5,1157785.0,8.37,0.95,7.51,0.979,0.85,3.27,3.3,19.32,-11.47,0.021,False,False,0,104.0,强推观察,True,人气Top20；当日强涨；收在日内高位；温和放量；近5日趋势升温；站上20日线且不过热；首次上榜即强势；v3尾盘缩量强承接；v3热点早段优先,-,尾盘版：只看临近收盘仍强承接的票，次日高开先看兑现，分歧后还能回封或稳住再留。,v3,强势,74.04,1.97,2.76,0,2026-05-06,common_index_cache,1.17,2.33,2.75,1.97,3.48,3.01,6.4,4.75
2026-05-06,601016,节能风电,20,9836.0,10jqka,intraday_1430,2026-05-06 14:30:00,2026-05-06,1,1,,,ok,2026-05-06,4.24,4.69,4.69,4.24,5905124.0,10.09,-0.85,4.69,1.0,0.81,2.45,6.13,11.15,-18.15,0.0,True,False,0,104.0,强推观察,True,人气Top20；当日涨停附近；收在日内高位；温和放量；站上20日线且不过热；首次上榜即强势；v3尾盘涨停延续；v3尾盘缩量强承接,-,尾盘版：只看临近收盘仍强承接的票，次日高开先看兑现，分歧后还能回封或稳住再留。,v3,强势,74.04,1.97,2.76,0,2026-05-06,common_index_cache,1.17,2.33,2.75,1.97,3.48,3.01,8.12,1.93
2026-05-06,001309,德明利,22,8976.0,10jqka,intraday_1430,2026-05-06 14:30:00,2026-05-06,1,1,,,ok,2026-05-06,570.0,577.29,577.29,560.38,78830.0,10.0,16.3,17.84,1.0,0.53,10.61,12.12,19.77,0.0,0.0,True,False,0,100.0,强推观察,True,人气Top50；当日涨停附近；收在日内高位；近5日趋势升温；站上20日线且不过热；v2低分涨停修正；v3尾盘涨停延续；v3尾盘缩量强承接；v3热点早段优先,-,尾盘版：只看临近收盘仍强承接的票，次日高开先看兑现，分歧后还能回封或稳住再留。,v3,强势,74.04,1.97,2.76,0,2026-05-06,common_index_cache,1.17,2.33,2.75,1.97,3.48,3.01,8.03,15.08
2026-05-06,300166,东方国信,47,6243.0,10jqka,intraday_1430,2026-05-06 14:30:00,2026-05-06,1,1,,,ok,2026-05-06,16.47,18.53,18.53,16.47,2785586.0,20.01,20.25,12.1,1.0,1.86,14.67,14.21,14.02,0.0,0.0,True,False,0,96.0,强推观察,True,人气Top50；当日涨停附近；收在日内高位；放量仍可控；近5日趋势升温；站上20日线且不过热；v2强势延续修正；v2低分涨停修正；v3热点早段优先,-,尾盘版：只看临近收盘仍强承接的票，次日高开先看兑现，分歧后还能回封或稳住再留。,v3,强势,74.04,1.97,2.76,0,2026-05-06,common_index_cache,1.17,2.33,2.75,1.97,3.48,3.01,18.04,9.34
2026-05-06,002081,金螳螂,2,20085.0,10jqka,intraday_1430,2026-05-06 14:30:00,2026-05-06,1,1,,,ok,2026-05-06,6.28,6.49,6.49,6.15,2702072.0,10.0,33.26,32.72,1.0,0.61,19.96,27.56,53.23,0.0,0.0,True,False,0,95.0,强推观察,True,人气Top3；当日涨停附近；收在日内高位；近5日强势延续；首次上榜即强势；v2低分涨停修正；v3尾盘涨停延续；v3尾盘缩量强承接,短线涨幅偏高；远离20日线过多,尾盘版：只看临近收盘仍强承接的票，次日高开先看兑现，分歧后还能回封或稳住再留。,v3,强势,74.04,1.97,2.76,0,2026-05-06,common_index_cache,1.17,2.33,2.75,1.97,3.48,3.01,8.03,29.96
2026-05-06,301308,江波龙,11,12721.0,10jqka,intraday_1430,2026-05-06 14:30:00,2026-05-06,1,1,,,ok,2026-05-06,432.0,481.34,481.34,426.12,263417.0,20.0,26.1,28.98,1.0,1.27,16.16,22.25,30.78,0.0,0.0,True,False,0,93.0,强推观察,True,人气Top20；当日涨停附近；收在日内高位；温和放量；近5日强势延续；首次上榜即强势；v2强势延续修正；v2低分涨停修正,短线涨幅偏高；偏离20日线较大,尾盘版：只看临近收盘仍强承接的票，次日高开先看兑现，分歧后还能回封或稳住再留。,v3,强势,74.04,1.97,2.76,0,2026-05-06,common_index_cache,1.17,2.33,2.75,1.97,3.48,3.01,18.03,26.22
2026-05-06,601778,晶科科技,17,11231.0,10jqka,intraday_1430,2026-05-06 14:30:00,2026-05-06,1,1,,,ok,2026-05-06,6.72,7.15,7.15,6.71,5068861.0,10.0,0.42,-0.28,1.0,0.71,3.12,4.49,14.81,-9.26,0.0,True,False,0,86.0,重点观察,True,人气Top20；当日涨停附近；收在日内高位；站上20日线且不过热；首次上榜即强势；v3尾盘涨停延续；v3尾盘缩量强承接,近5日趋势未确认,尾盘版：优先留给收盘前强势股，次日高开不追，承接强再拿，承接弱先走。,v3,强势,74.04,1.97,2.76,0,2026-05-06,common_index_cache,1.17,2.33,2.75,1.97,3.48,3.01,8.03,-3.04
2026-05-06,002181,粤传媒,8,14010.0,10jqka,intraday_1430,2026-05-06 14:30:00,2026-05-06,1,1,,,ok,2026-05-06,16.49,18.14,18.14,15.7,1598808.0,10.01,25.8,39.11,1.0,1.76,15.72,25.08,33.12,0.0,0.0,True,False,0,85.0,重点观察,True,人气Top10；当日涨停附近；收在日内高位；温和放量；近5日强势延续；首次上榜即强势,短线涨幅偏高；偏离20日线较大,尾盘版：优先留给收盘前强势股，次日高开不追，承接强再拿，承接弱先走。,v3,强势,74.04,1.97,2.76,0,2026-05-06,common_index_cache,1.17,2.33,2.75,1.97,3.48,3.01,8.04,36.35
2026-05-06,688525,佰维存储,44,6607.0,10jqka,intraday_1430,2026-05-06 14:30:00,2026-05-06,1,1,,,ok,2026-05-06,286.7,311.12,318.05,281.2,59632778.0,17.37,19.29,16.74,0.812,2.11,13.49,14.08,18.74,-2.18,0.188,True,False,0,80.0,重点观察,True,人气Top50；当日涨停附近；收盘承接较强；放量仍可控；近5日趋势升温；站上20日线且不过热；v2低分涨停修正；v3热点早段优先,-,尾盘版：优先留给收盘前强势股，次日高开不追，承接强再拿，承接弱先走。,v3,强势,74.04,1.97,2.76,0,2026-05-06,common_index_cache,1.17,2.33,2.75,1.97,3.48,3.01,15.4,13.98
2026-05-06,002709,天赐材料,18,10988.0,10jqka,intraday_1430,2026-05-06 14:30:00,2026-05-06,1,1,,,ok,2026-05-06,60.58,64.0,64.98,59.13,1738414.0,5.77,18.67,21.35,0.832,1.05,9.32,16.74,26.73,-1.51,0.168,False,False,0,74.0,普通观察,True,人气Top20；当日上涨；收盘承接较强；温和放量；近5日趋势升温；站上20日线且不过热；v3热点早段优先,-,尾盘版：保留在候选池，尽量只看尾盘收回高位或缩量稳住的票。,v3,强势,74.04,1.97,2.76,0,2026-05-06,common_index_cache,1.17,2.33,2.75,1.97,3.48,3.01,3.8,18.59
2026-05-06,600527,江南高纤,78,4757.0,10jqka,intraday_1430,2026-05-06 14:30:00,2026-05-06,1,1,,,ok,2026-05-06,3.01,3.25,3.25,2.97,1265196.0,10.17,18.18,18.18,1.0,0.71,11.61,16.78,20.35,0.0,0.0,True,False,0,74.0,普通观察,True,当日涨停附近；收在日内高位；近5日趋势升温；站上20日线且不过热；v2低分涨停修正；v3尾盘缩量强承接,-,尾盘版：保留在候选池，尽量只看尾盘收回高位或缩量稳住的票。,v3,强势,74.04,1.97,2.76,0,2026-05-06,common_index_cache,1.17,2.33,2.75,1.97,3.48,3.01,8.2,15.42
2026-05-06,002156,通富微电,13,12066.0,10jqka,intraday_1430,2026-05-06 14:30:00,2026-05-06,1,1,,,ok,2026-05-06,56.95,56.95,56.95,56.94,449785.0,10.01,13.33,17.62,1.0,0.36,9.66,13.91,19.67,0.0,0.0,True,True,0,72.0,普通观察,True,人气Top20；当日涨停附近；收在日内高位；近5日趋势升温；站上20日线且不过热；首次上榜即强势；v3热点早段优先,量能不足；一字或近似一字，参与点差,尾盘版：保留在候选池，尽量只看尾盘收回高位或缩量稳住的票。,v3,强势,74.04,1.97,2.76,0,2026-05-06,common_index_cache,1.17,2.33,2.75,1.97,3.48,3.01,8.04,14.86
2026-05-06,002364,中恒电气,62,5144.0,10jqka,intraday_1430,2026-05-06 14:30:00,2026-05-06,1,1,,,ok,2026-05-06,41.23,44.87,44.87,40.71,726869.0,10.0,12.18,7.63,1.0,1.37,8.61,5.98,14.68,-1.28,0.0,True,False,0,72.0,普通观察,True,当日涨停附近；收在日内高位；温和放量；近5日趋势升温；站上20日线且不过热,-,尾盘版：保留在候选池，尽量只看尾盘收回高位或缩量稳住的票。,v3,强势,74.04,1.97,2.76,0,2026-05-06,common_index_cache,1.17,2.33,2.75,1.97,3.48,3.01,8.03,4.87
2026-05-06,600379,宝光股份,29,7933.0,10jqka,intraday_1430,2026-05-06 14:30:00,2026-05-06,1,1,,,ok,2026-05-06,18.25,18.46,18.46,18.0,268149.0,10.01,33.19,43.1,1.0,0.72,19.95,34.44,43.17,0.0,0.0,True,False,0,71.0,普通观察,True,人气Top50；当日涨停附近；收在日内高位；近5日强势延续；v3尾盘涨停延续；v3尾盘缩量强承接,短线涨幅偏高；偏离20日线较大,尾盘版：保留在候选池，尽量只看尾盘收回高位或缩量稳住的票。,v3,强势,74.04,1.97,2.76,0,2026-05-06,common_index_cache,1.17,2.33,2.75,1.97,3.48,3.01,8.04,40.34
2026-05-06,002015,协鑫能科,31,7839.0,10jqka,intraday_1430,2026-05-06 14:30:00,2026-05-06,1,1,,,ok,2026-05-06,18.17,19.53,19.53,18.17,1631272.0,10.03,3.5,0.1,1.0,1.13,4.83,2.1,6.31,-15.05,0.0,True,False,0,68.0,普通观察,True,人气Top50；当日涨停附近；收在日内高位；温和放量；站上20日线且不过热,-,尾盘版：保留在候选池，尽量只看尾盘收回高位或缩量稳住的票。,v3,强势,74.04,1.97,2.76,0,2026-05-06,common_index_cache,1.17,2.33,2.75,1.97,3.48,3.01,8.06,-2.66
2026-05-06,600110,诺德股份,97,4190.0,10jqka,intraday_1430,2026-05-06 14:30:00,2026-05-06,1,1,,,ok,2026-05-06,10.94,11.45,11.49,10.63,2048556.0,6.51,8.43,17.32,0.953,0.92,5.57,10.57,13.01,-0.35,0.047,False,False,0,68.0,普通观察,True,当日上涨；收在日内高位；温和放量；近5日趋势升温；站上20日线且不过热；v3尾盘缩量强承接,-,尾盘版：保留在候选池，尽量只看尾盘收回高位或缩量稳住的票。,v3,强势,74.04,1.97,2.76,0,2026-05-06,common_index_cache,1.17,2.33,2.75,1.97,3.48,3.01,4.54,14.56
2026-05-06,002407,多氟多,30,7845.0,10jqka,intraday_1430,2026-05-06 14:30:00,2026-05-06,1,1,,,ok,2026-05-06,35.95,38.12,39.0,35.38,1858054.0,4.98,12.91,15.38,0.757,0.95,6.73,13.57,22.23,-2.26,0.243,False,False,0,66.0,普通观察,True,人气Top50；当日上涨；收盘承接较强；温和放量；近5日趋势升温；站上20日线且不过热；v3热点早段优先,-,尾盘版：保留在候选池，尽量只看尾盘收回高位或缩量稳住的票。,v3,强势,74.04,1.97,2.76,0,2026-05-06,common_index_cache,1.17,2.33,2.75,1.97,3.48,3.01,3.01,12.62
2026-05-06,600111,北方稀土,33,7456.0,10jqka,intraday_1430,2026-05-06 14:30:00,2026-05-06,1,1,,,ok,2026-05-06,53.12,55.52,55.55,52.51,2389147.0,4.68,19.86,17.53,0.99,1.93,9.87,11.33,10.78,-12.66,0.01,False,False,0,66.0,普通观察,True,人气Top50；当日上涨；收在日内高位；放量仍可控；近5日趋势升温；站上20日线且不过热；v3热点早段优先,-,尾盘版：保留在候选池，尽量只看尾盘收回高位或缩量稳住的票。,v3,强势,74.04,1.97,2.76,0,2026-05-06,common_index_cache,1.17,2.33,2.75,1.97,3.48,3.01,2.71,14.77
2026-05-06,002245,蔚蓝锂芯,61,5179.0,10jqka,intraday_1430,2026-05-06 14:30:00,2026-05-06,1,1,,,ok,2026-05-06,20.98,22.73,22.73,20.97,1156303.0,10.02,9.49,8.5,1.0,2.0,7.35,9.04,14.62,0.0,0.0,True,False,0,66.0,普通观察,True,当日涨停附近；收在日内高位；放量仍可控；近5日趋势升温；站上20日线且不过热,-,尾盘版：保留在候选池，尽量只看尾盘收回高位或缩量稳住的票。,v3,强势,74.04,1.97,2.76,0,2026-05-06,common_index_cache,1.17,2.33,2.75,1.97,3.48,3.01,8.05,5.74
2026-05-06,000925,众合科技,69,4961.0,10jqka,intraday_1430,2026-05-06 14:30:00,2026-05-06,1,1,,,ok,2026-05-06,9.48,10.0,10.08,9.23,2151132.0,8.81,2.46,8.7,0.906,1.54,2.4,12.47,24.7,-6.89,0.094,False,False,0,66.0,普通观察,True,当日强涨；收在日内高位；温和放量；近5日趋势升温；站上20日线且不过热,-,尾盘版：保留在候选池，尽量只看尾盘收回高位或缩量稳住的票。,v3,强势,74.04,1.97,2.76,0,2026-05-06,common_index_cache,1.17,2.33,2.75,1.97,3.48,3.01,6.84,5.94
2026-05-06,000620,盈新发展,72,4869.0,10jqka,intraday_1430,2026-05-06 14:30:00,2026-05-06,1,1,,,ok,2026-05-06,3.08,3.08,3.08,3.08,1645870.0,10.0,13.24,13.24,1.0,1.37,8.91,9.88,9.18,-24.69,0.0,True,True,0,66.0,普通观察,True,当日涨停附近；收在日内高位；温和放量；近5日趋势升温；站上20日线且不过热,一字或近似一字，参与点差,尾盘版：保留在候选池，尽量只看尾盘收回高位或缩量稳住的票。,v3,强势,74.04,1.97,2.76,0,2026-05-06,common_index_cache,1.17,2.33,2.75,1.97,3.48,3.01,8.03,10.48
2026-05-06,600589,大位科技,79,4722.0,10jqka,intraday_1430,2026-05-06 14:30:00,2026-05-06,1,1,,,ok,2026-05-06,10.66,11.08,11.08,10.61,2345167.0,10.03,14.58,7.78,1.0,2.06,9.55,6.72,4.04,-27.34,0.0,True,False,0,66.0,普通观察,True,当日涨停附近；收在日内高位；放量仍可控；近5日趋势升温；站上20日线且不过热,-,尾盘版：保留在候选池，尽量只看尾盘收回高位或缩量稳住的票。,v3,强势,74.04,1.97,2.76,0,2026-05-06,common_index_cache,1.17,2.33,2.75,1.97,3.48,3.01,8.06,5.02
2026-05-06,300042,朗科科技,70,4950.0,10jqka,intraday_1430,2026-05-06 14:30:00,2026-05-06,1,1,,,ok,2026-05-06,56.63,62.72,62.72,56.6,463247.0,19.99,20.75,35.17,1.0,1.49,16.74,23.19,27.58,0.0,0.0,True,False,0,65.0,普通观察,True,当日涨停附近；收在日内高位；温和放量；近5日强势延续；站上20日线且不过热,短线涨幅偏高,尾盘版：保留在候选池，尽量只看尾盘收回高位或缩量稳住的票。,v3,强势,74.04,1.97,2.76,0,2026-05-06,common_index_cache,1.17,2.33,2.75,1.97,3.48,3.01,18.02,32.41
2026-05-06,002210,飞马国际,77,4771.0,10jqka,intraday_1430,2026-05-06 14:30:00,2026-05-06,1,1,,,ok,2026-05-06,3.01,3.28,3.28,3.01,4009801.0,10.07,8.97,31.73,1.0,2.24,7.05,16.85,22.05,-2.96,0.0,True,False,0,65.0,普通观察,True,当日涨停附近；收在日内高位；放量仍可控；近5日强势延续；站上20日线且不过热；v2低分涨停修正,短线涨幅偏高,尾盘版：保留在候选池，尽量只看尾盘收回高位或缩量稳住的票。,v3,强势,74.04,1.97,2.76,0,2026-05-06,common_index_cache,1.17,2.33,2.75,1.97,3.48,3.01,8.1,28.97
2026-05-06,002428,云南锗业,21,9357.0,10jqka,intraday_1430,2026-05-06 14:30:00,2026-05-06,1,1,,,ok,2026-05-06,75.0,77.01,77.01,73.43,1206247.0,10.0,10.52,-0.14,1.0,1.16,7.34,6.29,19.84,-6.95,0.0,True,False,0,64.0,不推送,False,人气Top50；当日涨停附近；收在日内高位；温和放量；站上20日线且不过热,近5日趋势未确认,尾盘版：不主动追尾盘，等下一次收盘强承接或次日确认。,v3,强势,74.04,1.97,2.76,0,2026-05-06,common_index_cache,1.17,2.33,2.75,1.97,3.48,3.01,8.03,-2.9
2026-05-06,600770,综艺股份,51,5954.0,10jqka,intraday_1430,2026-05-06 14:30:00,2026-05-06,1,1,,,ok,2026-05-06,8.2,8.38,8.38,7.87,1626500.0,9.97,9.4,20.23,1.0,0.77,8.8,21.33,33.72,-0.12,0.0,True,False,0,64.0,不推送,False,当日涨停附近；收在日内高位；近5日趋势升温；v2低分涨停修正；v3尾盘缩量强承接,偏离20日线较大,尾盘版：不主动追尾盘，等下一次收盘强承接或次日确认。,v3,强势,74.04,1.97,2.76,0,2026-05-06,common_index_cache,1.17,2.33,2.75,1.97,3.48,3.01,8.0,17.47
2026-05-06,603629,利通电子,7,14105.0,10jqka,intraday_1430,2026-05-06 14:30:00,2026-05-06,1,1,,,ok,2026-05-06,149.95,158.85,158.85,144.11,334172.0,10.0,33.1,45.17,1.0,1.15,19.9,31.83,59.81,0.0,0.0,True,False,0,62.0,不推送,False,人气Top10；当日涨停附近；收在日内高位；温和放量；首次上榜即强势,短线涨幅过热；远离20日线过多,尾盘版：不主动追尾盘，等下一次收盘强承接或次日确认。,v3,强势,74.04,1.97,2.76,0,2026-05-06,common_index_cache,1.17,2.33,2.75,1.97,3.48,3.01,8.03,42.41
2026-05-06,600487,亨通光电,24,8491.0,10jqka,intraday_1430,2026-05-06 14:30:00,2026-05-06,1,1,,,ok,2026-05-06,67.5,71.8,72.27,67.5,1915747.0,9.28,5.14,3.25,0.901,1.03,4.19,7.15,16.94,-3.61,0.099,False,False,0,62.0,不推送,False,人气Top50；当日强涨；收在日内高位；温和放量；站上20日线且不过热,-,尾盘版：不主动追尾盘，等下一次收盘强承接或次日确认。,v3,强势,74.04,1.97,2.76,0,2026-05-06,common_index_cache,1.17,2.33,2.75,1.97,3.48,3.01,7.31,0.49
2026-05-06,301511,德福科技,34,7388.0,10jqka,intraday_1430,2026-05-06 14:30:00,2026-05-06,1,1,,,ok,2026-05-06,77.08,90.24,90.24,76.04,442030.0,20.0,33.31,49.75,1.0,0.84,21.09,33.85,61.44,0.0,0.0,True,False,0,62.0,不推送,False,人气Top50；当日涨停附近；收在日内高位；温和放量；v3尾盘涨停延续；v3尾盘缩量强承接,短线涨幅过热；远离20日线过多,尾盘版：不主动追尾盘，等下一次收盘强承接或次日确认。,v3,强势,74.04,1.97,2.76,0,2026-05-06,common_index_cache,1.17,2.33,2.75,1.97,3.48,3.01,18.03,46.99
2026-05-06,688008,澜起科技,85,4525.0,10jqka,intraday_1430,2026-05-06 14:30:00,2026-05-06,1,1,,,ok,2026-05-06,190.3,198.98,205.57,188.01,110058976.0,14.82,14.61,21.7,0.625,1.69,11.3,17.5,27.34,-3.21,0.375,True,False,0,62.0,不推送,False,当日涨停附近；温和放量；近5日趋势升温；站上20日线且不过热；v2低分涨停修正,-,尾盘版：不主动追尾盘，等下一次收盘强承接或次日确认。,v3,强势,74.04,1.97,2.76,0,2026-05-06,common_index_cache,1.17,2.33,2.75,1.97,3.48,3.01,12.85,18.94
2026-05-06,688041,海光信息,42,6635.0,10jqka,intraday_1430,2026-05-06 14:30:00,2026-05-06,1,1,,,ok,2026-05-06,322.1,344.41,355.5,321.0,61609030.0,16.26,19.17,20.85,0.679,1.42,14.44,21.84,32.36,-3.12,0.321,True,False,0,60.0,不推送,False,人气Top50；当日涨停附近；温和放量；近5日趋势升温；v2低分涨停修正,偏离20日线较大,尾盘版：不主动追尾盘，等下一次收盘强承接或次日确认。,v3,强势,74.04,1.97,2.76,0,2026-05-06,common_index_cache,1.17,2.33,2.75,1.97,3.48,3.01,14.29,18.09
2026-05-06,603778,国晟科技,60,5232.0,10jqka,intraday_1430,2026-05-06 14:30:00,2026-05-06,1,1,,,ok,2026-05-06,26.51,27.91,28.0,26.5,582779.0,4.92,10.45,5.2,0.94,0.92,4.52,4.0,-1.21,-18.56,0.06,False,False,0,60.0,不推送,False,当日上涨；收在日内高位；温和放量；近5日趋势升温；v3尾盘缩量强承接,-,尾盘版：不主动追尾盘，等下一次收盘强承接或次日确认。,v3,强势,74.04,1.97,2.76,0,2026-05-06,common_index_cache,1.17,2.33,2.75,1.97,3.48,3.01,2.95,2.44
2026-05-06,002759,天际股份,84,4534.0,10jqka,intraday_1430,2026-05-06 14:30:00,2026-05-06,1,1,,,ok,2026-05-06,38.61,41.31,41.9,38.5,1064844.0,8.45,21.5,23.65,0.826,1.68,12.37,17.37,16.54,-7.95,0.174,False,False,0,60.0,不推送,False,当日强涨；收盘承接较强；温和放量；近5日趋势升温；站上20日线且不过热,-,尾盘版：不主动追尾盘，等下一次收盘强承接或次日确认。,v3,强势,74.04,1.97,2.76,0,2026-05-06,common_index_cache,1.17,2.33,2.75,1.97,3.48,3.01,6.48,20.89
2026-05-06,600186,莲花控股,15,11639.0,10jqka,intraday_1430,2026-05-06 14:30:00,2026-05-06,1,1,,,ok,2026-05-06,10.95,11.4,11.53,10.71,4139553.0,6.34,15.85,24.73,0.841,1.14,9.36,19.67,33.98,-1.3,0.159,False,False,0,58.0,不推送,False,人气Top20；当日上涨；收盘承接较强；温和放量；近5日趋势升温,偏离20日线较大,尾盘版：不主动追尾盘，等下一次收盘强承接或次日确认。,v3,强势,74.04,1.97,2.76,0,2026-05-06,common_index_cache,1.17,2.33,2.75,1.97,3.48,3.01,4.37,21.97
2026-05-06,600673,东阳光,27,8111.0,10jqka,intraday_1430,2026-05-06 14:30:00,2026-05-06,1,1,,,ok,2026-05-06,38.94,38.94,38.94,38.94,115169.0,10.0,17.22,18.94,1.0,0.16,12.43,14.14,16.77,-6.35,0.0,True,True,0,58.0,不推送,False,人气Top50；当日涨停附近；收在日内高位；近5日趋势升温；站上20日线且不过热；v3热点早段优先,量能不足；一字或近似一字，参与点差,尾盘版：不主动追尾盘，等下一次收盘强承接或次日确认。,v3,强势,74.04,1.97,2.76,0,2026-05-06,common_index_cache,1.17,2.33,2.75,1.97,3.48,3.01,8.03,16.18
2026-05-06,000066,中国长城,4,16608.0,10jqka,intraday_1430,2026-05-06 14:30:00,2026-05-06,1,1,,,ok,2026-05-06,21.8,21.8,21.8,21.8,388670.0,9.99,22.27,32.52,1.0,0.11,15.66,25.47,34.13,0.0,0.0,True,True,0,57.0,不推送,False,人气Top10；当日涨停附近；收在日内高位；近5日强势延续；首次上榜即强势,量能不足；短线涨幅偏高；偏离20日线较大；一字或近似一字，参与点差,尾盘版：不主动追尾盘，等下一次收盘强承接或次日确认。,v3,强势,74.04,1.97,2.76,0,2026-05-06,common_index_cache,1.17,2.33,2.75,1.97,3.48,3.01,8.02,29.76
2026-05-06,600884,杉杉股份,38,6773.0,10jqka,intraday_1430,2026-05-06 14:30:00,2026-05-06,1,1,,,ok,2026-05-06,16.81,17.69,18.07,16.8,2322867.0,6.25,12.25,17.0,0.701,1.39,6.64,12.36,17.44,-2.1,0.299,False,False,0,56.0,不推送,False,人气Top50；当日上涨；温和放量；近5日趋势升温；站上20日线且不过热；v3热点早段优先,-,尾盘版：不主动追尾盘，等下一次收盘强承接或次日确认。,v3,强势,74.04,1.97,2.76,0,2026-05-06,common_index_cache,1.17,2.33,2.75,1.97,3.48,3.01,4.28,14.24
2026-05-06,600821,金开新能,45,6519.0,10jqka,intraday_1430,2026-05-06 14:30:00,2026-05-06,1,1,,,ok,2026-05-06,7.8,8.58,8.58,7.79,2835970.0,10.0,2.88,-3.38,1.0,1.25,2.24,-2.47,-0.1,-29.67,0.0,True,False,0,56.0,不推送,False,人气Top50；当日涨停附近；收在日内高位；温和放量,近5日趋势未确认,尾盘版：不主动追尾盘，等下一次收盘强承接或次日确认。,v3,强势,74.04,1.97,2.76,0,2026-05-06,common_index_cache,1.17,2.33,2.75,1.97,3.48,3.01,8.03,-6.14
2026-05-06,002309,中利集团,96,4217.0,10jqka,intraday_1430,2026-05-06 14:30:00,2026-05-06,1,1,,,ok,2026-05-06,4.37,4.6,4.68,4.33,4981558.0,7.23,6.24,11.65,0.771,1.42,5.07,6.31,3.94,-15.29,0.229,False,False,0,56.0,不推送,False,当日强涨；收盘承接较强；温和放量；近5日趋势升温；站上20日线且不过热,v3尾盘半板但封单不强,尾盘版：不主动追尾盘，等下一次收盘强承接或次日确认。,v3,强势,74.04,1.97,2.76,0,2026-05-06,common_index_cache,1.17,2.33,2.75,1.97,3.48,3.01,5.26,8.89
2026-05-06,603019,中科曙光,49,6118.0,10jqka,intraday_1430,2026-05-06 14:30:00,2026-05-06,1,1,,,ok,2026-05-06,96.0,99.8,102.26,96.0,1337990.0,7.36,9.79,7.59,0.607,2.04,6.55,7.78,12.24,-2.41,0.393,False,False,0,54.0,不推送,False,人气Top50；当日强涨；放量仍可控；近5日趋势升温；站上20日线且不过热；v3热点早段优先,v3尾盘半板但封单不强,尾盘版：不主动追尾盘，等下一次收盘强承接或次日确认。,v3,强势,74.04,1.97,2.76,0,2026-05-06,common_index_cache,1.17,2.33,2.75,1.97,3.48,3.01,5.39,4.83
2026-05-06,001896,豫能控股,81,4605.0,10jqka,intraday_1430,2026-05-06 14:30:00,2026-05-06,1,1,,,ok,2026-05-06,15.02,16.4,16.66,15.02,1673372.0,7.61,4.26,-2.09,0.841,0.99,1.62,-2.84,4.7,-13.0,0.159,False,False,0,54.0,不推送,False,当日强涨；收盘承接较强；温和放量；站上20日线且不过热；v3尾盘缩量强承接,近5日趋势未确认,尾盘版：不主动追尾盘，等下一次收盘强承接或次日确认。,v3,强势,74.04,1.97,2.76,0,2026-05-06,common_index_cache,1.17,2.33,2.75,1.97,3.48,3.01,5.64,-4.85
2026-05-06,688235,百济神州,55,5553.0,10jqka,intraday_1430,2026-05-06 14:30:00,2026-05-06,1,1,,,ok,2026-05-06,234.07,246.86,246.97,231.02,5140551.0,5.14,5.94,5.11,0.993,2.12,4.07,3.65,2.17,-15.46,0.007,False,False,0,52.0,不推送,False,当日上涨；收在日内高位；放量仍可控；近5日趋势升温；站上20日线且不过热,-,尾盘版：不主动追尾盘，等下一次收盘强承接或次日确认。,v3,强势,74.04,1.97,2.76,0,2026-05-06,common_index_cache,1.17,2.33,2.75,1.97,3.48,3.01,3.17,2.35
2026-05-06,600726,华电能源,63,5131.0,10jqka,intraday_1430,2026-05-06 14:30:00,2026-05-06,1,1,,,ok,2026-05-06,6.6,6.92,7.0,6.58,4391379.0,5.01,-1.42,19.31,0.81,0.85,1.73,17.09,28.98,-9.31,0.19,False,False,0,52.0,不推送,False,当日上涨；收盘承接较强；温和放量；近5日趋势升温；v3尾盘缩量强承接,偏离20日线较大,尾盘版：不主动追尾盘，等下一次收盘强承接或次日确认。,v3,强势,74.04,1.97,2.76,0,2026-05-06,common_index_cache,1.17,2.33,2.75,1.97,3.48,3.01,3.04,16.55
2026-05-06,600522,中天科技,66,5062.0,10jqka,intraday_1430,2026-05-06 14:30:00,2026-05-06,1,1,,,ok,2026-05-06,33.67,34.89,35.25,33.67,2344121.0,5.34,-0.31,5.06,0.772,0.97,0.8,3.05,10.38,-4.49,0.228,False,False,0,52.0,不推送,False,当日上涨；收盘承接较强；温和放量；近5日趋势升温；站上20日线且不过热,-,尾盘版：不主动追尾盘，等下一次收盘强承接或次日确认。,v3,强势,74.04,1.97,2.76,0,2026-05-06,common_index_cache,1.17,2.33,2.75,1.97,3.48,3.01,3.37,2.3
2026-05-06,000657,中钨高新,74,4841.0,10jqka,intraday_1430,2026-05-06 14:30:00,2026-05-06,1,1,,,ok,2026-05-06,58.47,61.99,62.83,55.68,1433116.0,6.53,18.98,12.34,0.883,1.64,9.36,8.82,16.45,-13.3,0.117,False,False,0,52.0,不推送,False,当日上涨；收盘承接较强；温和放量；近5日趋势升温；站上20日线且不过热,-,尾盘版：不主动追尾盘，等下一次收盘强承接或次日确认。,v3,强势,74.04,1.97,2.76,0,2026-05-06,common_index_cache,1.17,2.33,2.75,1.97,3.48,3.01,4.56,9.58
2026-05-06,300475,香农芯创,89,4485.0,10jqka,intraday_1430,2026-05-06 14:30:00,2026-05-06,1,1,,,ok,2026-05-06,188.99,194.66,204.0,186.0,669301.0,11.43,13.43,20.12,0.481,1.28,9.82,15.07,23.03,-4.58,0.519,True,False,0,52.0,不推送,False,当日涨停附近；温和放量；近5日趋势升温；站上20日线且不过热；v2低分涨停修正,上影线偏长；v3尾盘承接一般,尾盘版：不主动追尾盘，等下一次收盘强承接或次日确认。,v3,强势,74.04,1.97,2.76,0,2026-05-06,common_index_cache,1.17,2.33,2.75,1.97,3.48,3.01,9.46,17.36
2026-05-06,603618,杭电股份,36,6844.0,10jqka,intraday_1430,2026-05-06 14:30:00,2026-05-06,1,1,,,ok,2026-05-06,29.26,31.09,31.09,29.0,264526.0,10.01,6.99,1.73,1.0,0.28,4.86,7.15,16.1,-6.16,0.0,True,False,0,46.0,不推送,False,人气Top50；当日涨停附近；收在日内高位；站上20日线且不过热,量能不足,尾盘版：不主动追尾盘，等下一次收盘强承接或次日确认。,v3,强势,74.04,1.97,2.76,0,2026-05-06,common_index_cache,1.17,2.33,2.75,1.97,3.48,3.01,8.04,-1.03
2026-05-06,603601,再升科技,41,6686.0,10jqka,intraday_1430,2026-05-06 14:30:00,2026-05-06,1,1,,,ok,2026-05-06,16.0,16.73,17.44,16.0,2975058.0,5.55,9.63,17.98,0.507,1.35,7.27,7.96,13.06,-4.07,0.493,False,False,0,46.0,不推送,False,人气Top50；当日上涨；温和放量；近5日趋势升温；站上20日线且不过热；v3热点早段优先,上影线偏长；v3尾盘承接一般,尾盘版：不主动追尾盘，等下一次收盘强承接或次日确认。,v3,强势,74.04,1.97,2.76,0,2026-05-06,common_index_cache,1.17,2.33,2.75,1.97,3.48,3.01,3.58,15.22
2026-05-06,600176,中国巨石,88,4497.0,10jqka,intraday_1430,2026-05-06 14:30:00,2026-05-06,1,1,,,ok,2026-05-06,35.2,37.0,37.78,35.2,1652310.0,7.25,7.25,12.12,0.698,1.07,5.63,9.67,16.28,-2.06,0.302,False,False,0,46.0,不推送,False,当日强涨；温和放量；近5日趋势升温；站上20日线且不过热,v3尾盘半板但封单不强,尾盘版：不主动追尾盘，等下一次收盘强承接或次日确认。,v3,强势,74.04,1.97,2.76,0,2026-05-06,common_index_cache,1.17,2.33,2.75,1.97,3.48,3.01,5.28,9.36
2026-05-06,002342,巨力索具,46,6296.0,10jqka,intraday_1430,2026-05-06 14:30:00,2026-05-06,1,1,,,ok,2026-05-06,19.65,20.11,20.6,19.4,2101366.0,1.51,8.82,5.56,0.592,1.02,5.05,3.25,13.28,-6.12,0.408,False,False,0,44.0,不推送,False,人气Top50；温和放量；近5日趋势升温；站上20日线且不过热；v3热点早段优先,v3尾盘承接一般,尾盘版：不主动追尾盘，等下一次收盘强承接或次日确认。,v3,强势,74.04,1.97,2.76,0,2026-05-06,common_index_cache,1.17,2.33,2.75,1.97,3.48,3.01,-0.46,2.8
2026-05-06,002050,三花智控,76,4816.0,10jqka,intraday_1430,2026-05-06 14:30:00,2026-05-06,1,1,,,ok,2026-05-06,46.92,48.16,48.6,46.6,1590112.0,2.64,9.06,7.17,0.78,1.63,4.71,5.1,6.88,-12.47,0.22,False,False,0,44.0,不推送,False,收盘承接较强；温和放量；近5日趋势升温；站上20日线且不过热,-,尾盘版：不主动追尾盘，等下一次收盘强承接或次日确认。,v3,强势,74.04,1.97,2.76,0,2026-05-06,common_index_cache,1.17,2.33,2.75,1.97,3.48,3.01,0.67,4.41
2026-05-06,002466,天齐锂业,93,4345.0,10jqka,intraday_1430,2026-05-06 14:30:00,2026-05-06,1,1,,,ok,2026-05-06,80.03,81.71,82.49,78.4,1208117.0,2.1,12.66,10.87,0.809,1.08,6.55,11.42,21.82,-0.95,0.191,False,False,0,44.0,不推送,False,收盘承接较强；温和放量；近5日趋势升温；站上20日线且不过热,-,尾盘版：不主动追尾盘，等下一次收盘强承接或次日确认。,v3,强势,74.04,1.97,2.76,0,2026-05-06,common_index_cache,1.17,2.33,2.75,1.97,3.48,3.01,0.13,8.11
2026-05-06,000062,深圳华强,9,13212.0,10jqka,intraday_1430,2026-05-06 14:30:00,2026-05-06,1,1,,,ok,2026-05-06,37.99,36.88,40.13,36.22,1284890.0,-0.11,2.16,7.71,0.169,1.1,0.64,7.91,18.61,-8.1,0.547,False,False,0,42.0,不推送,False,人气Top10；温和放量；近5日趋势升温；站上20日线且不过热；v3热点早段优先,当日转弱；收盘承接偏弱,尾盘版：不主动追尾盘，等下一次收盘强承接或次日确认。,v3,强势,74.04,1.97,2.76,0,2026-05-06,common_index_cache,1.17,2.33,2.75,1.97,3.48,3.01,-2.08,4.95
2026-05-06,600118,中国卫星,90,4474.0,10jqka,intraday_1430,2026-05-06 14:30:00,2026-05-06,1,1,,,ok,2026-05-06,102.0,107.1,109.98,101.2,724847.0,4.18,10.42,11.21,0.672,1.11,6.18,7.65,18.43,-2.62,0.328,False,False,0,42.0,不推送,False,当日上涨；温和放量；近5日趋势升温；站上20日线且不过热,-,尾盘版：不主动追尾盘，等下一次收盘强承接或次日确认。,v3,强势,74.04,1.97,2.76,0,2026-05-06,common_index_cache,1.17,2.33,2.75,1.97,3.48,3.01,2.21,8.45
2026-05-06,301666,大普微,95,4222.0,10jqka,intraday_1430,2026-05-06 14:30:00,2026-05-06,1,1,,,ok,2026-05-06,351.11,379.0,381.6,351.11,89544.0,19.18,49.91,61.62,0.915,0.93,27.56,44.69,46.92,-0.68,0.085,True,False,0,42.0,不推送,False,当日涨停附近；收在日内高位；温和放量；v3尾盘缩量强承接,短线涨幅过热；远离20日线过多,尾盘版：不主动追尾盘，等下一次收盘强承接或次日确认。,v3,强势,74.04,1.97,2.76,0,2026-05-06,common_index_cache,1.17,2.33,2.75,1.97,3.48,3.01,17.21,58.86
2026-05-06,600666,奥瑞德,71,4917.0,10jqka,intraday_1430,2026-05-06 14:30:00,2026-05-06,1,1,,,ok,2026-05-06,5.38,5.76,5.76,5.38,3630676.0,9.92,3.97,-3.84,1.0,1.08,3.23,-5.84,-8.13,-23.91,0.0,True,False,0,40.0,不推送,False,当日涨停附近；收在日内高位；温和放量,近5日趋势未确认；仍在20日线下方,尾盘版：不主动追尾盘，等下一次收盘强承接或次日确认。,v3,强势,74.04,1.97,2.76,0,2026-05-06,common_index_cache,1.17,2.33,2.75,1.97,3.48,3.01,7.95,-6.6
2026-05-06,600703,三安光电,43,6633.0,10jqka,intraday_1430,2026-05-06 14:30:00,2026-05-06,1,1,,,ok,2026-05-06,14.06,14.68,15.04,14.06,3291835.0,7.39,4.93,-2.85,0.633,1.34,3.37,2.09,10.4,-21.79,0.367,False,False,0,38.0,不推送,False,人气Top50；当日强涨；温和放量；站上20日线且不过热,近5日趋势未确认；v3尾盘半板但封单不强,尾盘版：不主动追尾盘，等下一次收盘强承接或次日确认。,v3,强势,74.04,1.97,2.76,0,2026-05-06,common_index_cache,1.17,2.33,2.75,1.97,3.48,3.01,5.42,-5.61
2026-05-06,301599,理奇智能,83,4540.0,10jqka,intraday_1430,2026-05-06 14:30:00,2026-05-06,1,1,,,ok,2026-05-06,62.68,70.18,80.0,59.34,364034.0,12.47,,,0.525,0.86,5.87,5.87,5.87,-12.27,0.475,True,False,0,34.0,不推送,False,当日涨停附近；温和放量；站上20日线且不过热,上影线偏长；v3尾盘承接一般,尾盘版：不主动追尾盘，等下一次收盘强承接或次日确认。,v3,强势,74.04,1.97,2.76,0,2026-05-06,common_index_cache,1.17,2.33,2.75,1.97,3.48,3.01,10.5,
2026-05-06,000988,华工科技,58,5294.0,10jqka,intraday_1430,2026-05-06 14:30:00,2026-05-06,1,1,,,ok,2026-05-06,123.01,125.19,129.44,121.66,1088860.0,4.74,8.31,8.56,0.454,1.36,4.65,5.8,7.95,-11.47,0.546,False,False,0,32.0,不推送,False,当日上涨；温和放量；近5日趋势升温；站上20日线且不过热,上影线偏长；v3尾盘承接一般,尾盘版：不主动追尾盘，等下一次收盘强承接或次日确认。,v3,强势,74.04,1.97,2.76,0,2026-05-06,common_index_cache,1.17,2.33,2.75,1.97,3.48,3.01,2.77,5.8
2026-05-06,300136,信维通信,91,4406.0,10jqka,intraday_1430,2026-05-06 14:30:00,2026-05-06,1,1,,,ok,2026-05-06,92.0,97.23,100.4,91.01,1153938.0,6.5,11.13,19.59,0.662,0.95,8.04,14.51,28.73,-3.16,0.338,False,False,0,32.0,不推送,False,当日上涨；温和放量；近5日趋势升温,偏离20日线较大,尾盘版：不主动追尾盘，等下一次收盘强承接或次日确认。,v3,强势,74.04,1.97,2.76,0,2026-05-06,common_index_cache,1.17,2.33,2.75,1.97,3.48,3.01,4.53,16.83
2026-05-06,300750,宁德时代,59,5281.0,10jqka,intraday_1430,2026-05-06 14:30:00,2026-05-06,1,1,,,ok,2026-05-06,457.5,460.0,465.88,448.63,473727.0,5.5,7.56,3.39,0.659,1.35,4.38,4.78,8.54,-1.26,0.341,False,False,0,30.0,不推送,False,当日上涨；温和放量；站上20日线且不过热,-,尾盘版：不主动追尾盘，等下一次收盘强承接或次日确认。,v3,强势,74.04,1.97,2.76,0,2026-05-06,common_index_cache,1.17,2.33,2.75,1.97,3.48,3.01,3.53,0.63
2026-05-06,601899,紫金矿业,56,5549.0,10jqka,intraday_1430,2026-05-06 14:30:00,2026-05-06,1,1,,,ok,2026-05-06,33.5,34.21,34.38,33.21,3990720.0,2.73,3.82,-0.29,0.855,1.61,1.72,-0.23,0.05,-23.88,0.145,False,False,0,28.0,不推送,False,收盘承接较强；温和放量；站上20日线且不过热,近5日趋势未确认,尾盘版：不主动追尾盘，等下一次收盘强承接或次日确认。,v3,强势,74.04,1.97,2.76,0,2026-05-06,common_index_cache,1.17,2.33,2.75,1.97,3.48,3.01,0.76,-3.05
2026-05-06,688256,寒武纪,12,12577.0,10jqka,intraday_1430,2026-05-06 14:30:00,2026-05-06,1,1,,,ok,2026-05-06,1784.78,1825.0,1966.0,1770.99,19780525.0,7.36,32.78,34.94,0.277,1.83,18.93,26.79,37.8,-7.17,0.723,False,False,0,27.0,不推送,False,人气Top20；当日强涨；放量仍可控；近5日强势延续；首次上榜即强势,收盘承接偏弱；短线涨幅偏高；偏离20日线较大；上影线偏长；v3尾盘半板但封单不强,尾盘版：不主动追尾盘，等下一次收盘强承接或次日确认。,v3,强势,74.04,1.97,2.76,0,2026-05-06,common_index_cache,1.17,2.33,2.75,1.97,3.48,3.01,5.39,32.18
2026-05-06,002297,博云新材,10,12740.0,10jqka,intraday_1430,2026-05-06 14:30:00,2026-05-06,1,1,,,ok,2026-05-06,24.5,24.01,26.0,24.0,2111967.0,-2.0,6.33,7.67,0.005,1.12,4.55,10.08,38.53,-7.65,0.75,False,False,0,26.0,不推送,False,人气Top10；温和放量；近5日趋势升温,当日转弱；收盘承接偏弱；偏离20日线较大,尾盘版：不主动追尾盘，等下一次收盘强承接或次日确认。,v3,强势,74.04,1.97,2.76,0,2026-05-06,common_index_cache,1.17,2.33,2.75,1.97,3.48,3.01,-3.97,4.91
2026-05-06,002202,金风科技,28,7972.0,10jqka,intraday_1430,2026-05-06 14:30:00,2026-05-06,1,1,,,ok,2026-05-06,28.0,27.94,28.35,27.7,3050494.0,1.42,9.53,9.65,0.369,1.45,4.83,6.08,10.2,-16.1,0.538,False,False,0,26.0,不推送,False,人气Top50；温和放量；近5日趋势升温；站上20日线且不过热；v3热点早段优先,收盘承接偏弱；上影线偏长；v3尾盘承接一般,尾盘版：不主动追尾盘，等下一次收盘强承接或次日确认。,v3,强势,74.04,1.97,2.76,0,2026-05-06,common_index_cache,1.17,2.33,2.75,1.97,3.48,3.01,-0.55,6.89
2026-05-06,601138,工业富联,39,6734.0,10jqka,intraday_1430,2026-05-06 14:30:00,2026-05-06,1,1,,,ok,2026-05-06,63.28,63.08,63.88,61.74,2652838.0,0.32,-7.51,-2.97,0.626,1.01,-3.74,-3.02,3.75,-8.71,0.28,False,False,0,26.0,不推送,False,人气Top50；温和放量；站上20日线且不过热,近5日趋势未确认,尾盘版：不主动追尾盘，等下一次收盘强承接或次日确认。,v3,强势,74.04,1.97,2.76,0,2026-05-06,common_index_cache,1.17,2.33,2.75,1.97,3.48,3.01,-1.65,-5.73
2026-05-06,301217,铜冠铜箔,52,5898.0,10jqka,intraday_1430,2026-05-06 14:30:00,2026-05-06,1,1,,,ok,2026-05-06,78.55,88.55,92.5,75.3,705631.0,13.03,49.7,88.4,0.77,1.19,27.11,49.77,72.63,-4.27,0.23,True,False,0,26.0,不推送,False,当日涨停附近；收盘承接较强；温和放量,短线涨幅过热；远离20日线过多,尾盘版：不主动追尾盘，等下一次收盘强承接或次日确认。,v3,强势,74.04,1.97,2.76,0,2026-05-06,common_index_cache,1.17,2.33,2.75,1.97,3.48,3.01,11.06,85.64
2026-05-06,002131,利欧股份,64,5072.0,10jqka,intraday_1430,2026-05-06 14:30:00,2026-05-06,1,1,,,ok,2026-05-06,6.54,6.82,6.85,6.54,5340263.0,5.74,3.65,-7.46,0.903,1.1,2.65,-6.25,-9.69,-33.91,0.097,False,False,0,26.0,不推送,False,当日上涨；收在日内高位；温和放量,近5日趋势未确认；仍在20日线下方,尾盘版：不主动追尾盘，等下一次收盘强承接或次日确认。,v3,强势,74.04,1.97,2.76,0,2026-05-06,common_index_cache,1.17,2.33,2.75,1.97,3.48,3.01,3.77,-10.22
2026-05-06,000063,中兴通讯,87,4514.0,10jqka,intraday_1430,2026-05-06 14:30:00,2026-05-06,1,1,,,ok,2026-05-06,37.51,38.25,39.1,37.45,2167114.0,4.22,6.22,5.14,0.485,1.87,3.58,4.44,7.21,-6.11,0.515,False,False,0,26.0,不推送,False,当日上涨；放量仍可控；近5日趋势升温；站上20日线且不过热,上影线偏长；v3尾盘承接一般,尾盘版：不主动追尾盘，等下一次收盘强承接或次日确认。,v3,强势,74.04,1.97,2.76,0,2026-05-06,common_index_cache,1.17,2.33,2.75,1.97,3.48,3.01,2.25,2.38
2026-05-06,300058,蓝色光标,92,4365.0,10jqka,intraday_1430,2026-05-06 14:30:00,2026-05-06,1,1,,,ok,2026-05-06,17.7,18.05,18.31,17.7,4642224.0,5.43,8.15,3.74,0.574,1.11,4.31,0.01,5.45,-26.12,0.426,False,False,0,26.0,不推送,False,当日上涨；温和放量；站上20日线且不过热,v3尾盘承接一般,尾盘版：不主动追尾盘，等下一次收盘强承接或次日确认。,v3,强势,74.04,1.97,2.76,0,2026-05-06,common_index_cache,1.17,2.33,2.75,1.97,3.48,3.01,3.46,0.98
2026-05-06,002361,神剑股份,40,6727.0,10jqka,intraday_1430,2026-05-06 14:30:00,2026-05-06,1,1,,,ok,2026-05-06,20.7,21.21,21.69,20.7,2336376.0,3.21,5.94,-1.16,0.515,0.86,2.47,-1.31,9.99,-11.44,0.485,False,False,0,24.0,不推送,False,人气Top50；当日上涨；温和放量；站上20日线且不过热,近5日趋势未确认；上影线偏长；v3尾盘承接一般,尾盘版：不主动追尾盘，等下一次收盘强承接或次日确认。,v3,强势,74.04,1.97,2.76,0,2026-05-06,common_index_cache,1.17,2.33,2.75,1.97,3.48,3.01,1.24,-3.92
2026-05-06,600584,长电科技,53,5774.0,10jqka,intraday_1430,2026-05-06 14:30:00,2026-05-06,1,1,,,ok,2026-05-06,47.86,48.2,49.18,47.85,1499983.0,5.79,6.87,7.37,0.263,1.7,4.99,6.43,10.12,-5.49,0.737,False,False,0,24.0,不推送,False,当日上涨；温和放量；近5日趋势升温；站上20日线且不过热,收盘承接偏弱；上影线偏长,尾盘版：不主动追尾盘，等下一次收盘强承接或次日确认。,v3,强势,74.04,1.97,2.76,0,2026-05-06,common_index_cache,1.17,2.33,2.75,1.97,3.48,3.01,3.82,4.61
2026-05-06,002281,光迅科技,94,4294.0,10jqka,intraday_1430,2026-05-06 14:30:00,2026-05-06,1,1,,,ok,2026-05-06,147.16,150.82,158.3,147.16,694668.0,4.53,10.09,17.19,0.329,0.95,7.81,13.77,26.87,-4.73,0.671,False,False,0,24.0,不推送,False,当日上涨；温和放量；近5日趋势升温；站上20日线且不过热,收盘承接偏弱；上影线偏长,尾盘版：不主动追尾盘，等下一次收盘强承接或次日确认。,v3,强势,74.04,1.97,2.76,0,2026-05-06,common_index_cache,1.17,2.33,2.75,1.97,3.48,3.01,2.56,14.43
2026-05-06,002805,丰元股份,73,4858.0,10jqka,intraday_1430,2026-05-06 14:30:00,2026-05-06,1,1,,,ok,2026-05-06,23.34,25.14,25.14,22.78,693474.0,10.02,33.16,37.9,1.0,3.57,18.58,28.1,35.69,0.0,0.0,True,False,0,23.0,不推送,False,当日涨停附近；收在日内高位；近5日强势延续,放量过猛；短线涨幅偏高；偏离20日线较大；v3尾盘版回避放量过猛,尾盘版：不主动追尾盘，等下一次收盘强承接或次日确认。,v3,强势,74.04,1.97,2.76,0,2026-05-06,common_index_cache,1.17,2.33,2.75,1.97,3.48,3.01,8.05,35.14
2026-05-06,002185,华天科技,57,5473.0,10jqka,intraday_1430,2026-05-06 14:30:00,2026-05-06,1,1,,,ok,2026-05-06,13.68,13.62,14.06,13.58,2808847.0,3.89,7.67,9.4,0.083,2.16,4.7,6.34,8.86,-14.88,0.792,False,False,0,18.0,不推送,False,当日上涨；放量仍可控；近5日趋势升温；站上20日线且不过热,收盘承接偏弱；上影线偏长,尾盘版：不主动追尾盘，等下一次收盘强承接或次日确认。,v3,强势,74.04,1.97,2.76,0,2026-05-06,common_index_cache,1.17,2.33,2.75,1.97,3.48,3.01,1.92,6.64
2026-05-06,603399,永杉锂业,25,8443.0,10jqka,intraday_1430,2026-05-06 14:30:00,2026-05-06,1,1,,,ok,2026-05-06,21.33,21.33,21.33,21.33,76378.0,10.01,33.06,48.64,1.0,0.15,19.9,36.42,54.39,0.0,0.0,True,True,0,12.0,不推送,False,人气Top50；当日涨停附近；收在日内高位,量能不足；短线涨幅过热；远离20日线过多；一字或近似一字，参与点差,尾盘版：不主动追尾盘，等下一次收盘强承接或次日确认。,v3,强势,74.04,1.97,2.76,0,2026-05-06,common_index_cache,1.17,2.33,2.75,1.97,3.48,3.01,8.04,45.88
2026-05-06,002176,江特电机,80,4704.0,10jqka,intraday_1430,2026-05-06 14:30:00,2026-05-06,1,1,,,ok,2026-05-06,16.2,15.7,16.23,15.5,2544321.0,-2.18,7.31,15.27,0.274,0.84,2.0,13.54,27.73,-7.48,0.041,False,False,0,12.0,不推送,False,温和放量；近5日趋势升温；站上20日线且不过热,当日转弱；收盘承接偏弱,尾盘版：不主动追尾盘，等下一次收盘强承接或次日确认。,v3,强势,74.04,1.97,2.76,0,2026-05-06,common_index_cache,1.17,2.33,2.75,1.97,3.48,3.01,-4.15,12.51
2026-05-06,603773,沃格光电,98,4158.0,10jqka,intraday_1430,2026-05-06 14:30:00,2026-05-06,1,1,,,ok,2026-05-06,72.0,66.8,72.0,65.36,351103.0,-3.68,5.36,14.58,0.217,1.53,0.17,5.48,26.3,-8.18,0.0,False,False,0,12.0,不推送,False,温和放量；近5日趋势升温；站上20日线且不过热,当日转弱；收盘承接偏弱,尾盘版：不主动追尾盘，等下一次收盘强承接或次日确认。,v3,强势,74.04,1.97,2.76,0,2026-05-06,common_index_cache,1.17,2.33,2.75,1.97,3.48,3.01,-5.65,11.82
2026-05-06,600745,*ST闻泰,5,16097.0,10jqka,intraday_1430,2026-05-06 14:30:00,2026-05-06,1,1,,,ok,2026-05-06,26.71,26.71,26.71,26.71,5455.0,-5.01,-6.8,-5.78,1.0,0.02,-3.99,-7.36,-10.96,-37.0,,False,False,0,10.0,不推送,False,人气Top10；收在日内高位,当日转弱；量能不足；近5日趋势未确认；仍在20日线下方,尾盘版：不主动追尾盘，等下一次收盘强承接或次日确认。,v3,强势,74.04,1.97,2.76,0,2026-05-06,common_index_cache,1.17,2.33,2.75,1.97,3.48,3.01,-6.98,-8.54
2026-05-06,600519,贵州茅台,99,4146.0,10jqka,intraday_1430,2026-05-06 14:30:00,2026-05-06,1,1,,,ok,2026-05-06,1365.1,1375.0,1379.0,1360.05,47806.0,-0.71,-2.14,-5.72,0.789,0.96,-1.35,-2.34,-3.8,-12.31,0.211,False,False,0,10.0,不推送,False,收盘承接较强；温和放量,当日转弱；近5日趋势未确认,尾盘版：不主动追尾盘，等下一次收盘强承接或次日确认。,v3,强势,74.04,1.97,2.76,0,2026-05-06,common_index_cache,1.17,2.33,2.75,1.97,3.48,3.01,-2.68,-8.48
2026-05-06,000890,法尔胜,48,6125.0,10jqka,intraday_1430,2026-05-06 14:30:00,2026-05-06,1,1,,,ok,2026-05-06,15.58,15.7,16.9,15.3,835843.0,0.26,-1.26,-3.33,0.25,0.92,-3.05,-0.22,4.79,-10.85,0.75,False,False,0,8.0,不推送,False,人气Top50；温和放量；站上20日线且不过热,收盘承接偏弱；近5日趋势未确认；上影线偏长,尾盘版：不主动追尾盘，等下一次收盘强承接或次日确认。,v3,强势,74.04,1.97,2.76,0,2026-05-06,common_index_cache,1.17,2.33,2.75,1.97,3.48,3.01,-1.71,-6.09
2026-05-06,002475,立讯精密,54,5701.0,10jqka,intraday_1430,2026-05-06 14:30:00,2026-05-06,1,1,,,ok,2026-05-06,68.27,67.08,71.0,66.87,2130544.0,0.12,-4.01,1.64,0.051,0.91,-2.66,-1.04,8.43,-7.6,0.661,False,False,0,4.0,不推送,False,温和放量；站上20日线且不过热,收盘承接偏弱；上影线偏长,尾盘版：不主动追尾盘，等下一次收盘强承接或次日确认。,v3,强势,74.04,1.97,2.76,0,2026-05-06,common_index_cache,1.17,2.33,2.75,1.97,3.48,3.01,-1.85,-1.12
2026-05-06,000858,五粮液,1,23819.0,10jqka,intraday_1430,2026-05-06 14:30:00,2026-05-06,1,1,,,ok,2026-05-06,90.78,92.26,94.5,90.1,871599.0,-4.96,-7.92,-8.9,0.491,4.21,-5.49,-7.16,-8.81,-16.72,0.509,False,False,0,0.0,不推送,False,人气Top3,当日转弱；放量过猛；近5日趋势未确认；仍在20日线下方；v3尾盘版回避放量过猛,尾盘版：不主动追尾盘，等下一次收盘强承接或次日确认。,v3,强势,74.04,1.97,2.76,0,2026-05-06,common_index_cache,1.17,2.33,2.75,1.97,3.48,3.01,-6.93,-11.66
2026-05-06,600759,ST洲际,32,7805.0,10jqka,intraday_1430,2026-05-06 14:30:00,2026-05-06,1,1,,,ok,2026-05-06,4.44,4.44,4.44,4.44,37740.0,-4.93,-14.29,-15.91,1.0,0.02,-8.94,-11.85,-16.07,-51.16,,False,False,0,0.0,不推送,False,人气Top50；收在日内高位,当日转弱；量能不足；近5日趋势未确认；仍在20日线下方,尾盘版：不主动追尾盘，等下一次收盘强承接或次日确认。,v3,强势,74.04,1.97,2.76,0,2026-05-06,common_index_cache,1.17,2.33,2.75,1.97,3.48,3.01,-6.9,-18.67
2026-05-06,002384,东山精密,65,5065.0,10jqka,intraday_1430,2026-05-06 14:30:00,2026-05-06,1,1,,,ok,2026-05-06,191.8,191.88,199.07,187.0,1019926.0,2.76,4.34,2.12,0.404,1.11,2.78,5.38,20.45,-3.61,0.596,False,False,0,0.0,不推送,False,温和放量；站上20日线且不过热,收盘承接偏弱；上影线偏长；v3尾盘承接一般,尾盘版：不主动追尾盘，等下一次收盘强承接或次日确认。,v3,强势,74.04,1.97,2.76,0,2026-05-06,common_index_cache,1.17,2.33,2.75,1.97,3.48,3.01,0.79,-0.64
2026-05-06,300308,中际旭创,67,5054.0,10jqka,intraday_1430,2026-05-06 14:30:00,2026-05-06,1,1,,,ok,2026-05-06,888.5,856.0,889.0,840.45,309386.0,-0.17,3.88,-3.38,0.32,1.06,0.98,-0.68,7.66,-6.85,0.01,False,False,0,0.0,不推送,False,温和放量；站上20日线且不过热,当日转弱；收盘承接偏弱；近5日趋势未确认,尾盘版：不主动追尾盘，等下一次收盘强承接或次日确认。,v3,强势,74.04,1.97,2.76,0,2026-05-06,common_index_cache,1.17,2.33,2.75,1.97,3.48,3.01,-2.14,-6.14
2026-05-06,002594,比亚迪,68,5012.0,10jqka,intraday_1430,2026-05-06 14:30:00,2026-05-06,1,1,,,ok,2026-05-06,101.7,100.75,101.89,100.2,670487.0,-2.17,-0.72,1.3,0.325,1.13,-1.79,-1.08,-1.12,-9.9,0.112,False,False,0,0.0,不推送,False,温和放量,当日转弱；收盘承接偏弱,尾盘版：不主动追尾盘，等下一次收盘强承接或次日确认。,v3,强势,74.04,1.97,2.76,0,2026-05-06,common_index_cache,1.17,2.33,2.75,1.97,3.48,3.01,-4.14,-1.46
2026-05-06,600330,天通股份,75,4827.0,10jqka,intraday_1430,2026-05-06 14:30:00,2026-05-06,1,1,,,ok,2026-05-06,27.1,27.01,27.86,26.59,2732031.0,-3.16,2.23,4.33,0.331,1.13,0.48,4.21,19.78,-5.16,0.598,False,False,0,0.0,不推送,False,温和放量；站上20日线且不过热,当日转弱；收盘承接偏弱,尾盘版：不主动追尾盘，等下一次收盘强承接或次日确认。,v3,强势,74.04,1.97,2.76,0,2026-05-06,common_index_cache,1.17,2.33,2.75,1.97,3.48,3.01,-5.13,1.57
2026-05-06,002565,顺灏股份,82,4566.0,10jqka,intraday_1430,2026-05-06 14:30:00,2026-05-06,1,1,,,ok,2026-05-06,18.89,19.2,19.79,18.89,1687172.0,0.95,1.86,-3.03,0.344,0.85,1.95,-3.17,4.16,-16.49,0.656,False,False,0,0.0,不推送,False,温和放量；站上20日线且不过热,收盘承接偏弱；近5日趋势未确认；上影线偏长,尾盘版：不主动追尾盘，等下一次收盘强承接或次日确认。,v3,强势,74.04,1.97,2.76,0,2026-05-06,common_index_cache,1.17,2.33,2.75,1.97,3.48,3.01,-1.02,-5.79
2026-05-06,601888,中国中免,86,4523.0,10jqka,intraday_1430,2026-05-06 14:30:00,2026-05-06,1,1,,,ok,2026-05-06,63.7,63.03,63.73,62.29,494198.0,-3.95,-2.37,-3.65,0.514,2.16,-2.97,-4.22,-6.17,-36.15,0.021,False,False,0,0.0,不推送,False,放量仍可控,当日转弱；近5日趋势未确认；仍在20日线下方,尾盘版：不主动追尾盘，等下一次收盘强承接或次日确认。,v3,强势,74.04,1.97,2.76,0,2026-05-06,common_index_cache,1.17,2.33,2.75,1.97,3.48,3.01,-5.92,-6.41
2026-05-06,300502,新易盛,100,4144.0,10jqka,intraday_1430,2026-05-06 14:30:00,2026-05-06,1,1,,,ok,2026-05-06,539.9,522.48,542.58,517.0,420933.0,-0.63,-2.42,-2.75,0.214,0.91,-1.74,-6.51,-2.09,-16.78,0.105,False,False,0,0.0,不推送,False,温和放量,当日转弱；收盘承接偏弱；近5日趋势未确认,尾盘版：不主动追尾盘，等下一次收盘强承接或次日确认。,v3,强势,74.04,1.97,2.76,0,2026-05-06,common_index_cache,1.17,2.33,2.75,1.97,3.48,3.01,-2.6,-5.51
